SalePrice,GrLivArea,TotalBsmtSF,FirstFlrSF,SecondFlrSF,GarageCars,GarageArea,YearBuilt,FullBath,TotRmsAbvGrd,CentralAir
215000,1656,1080,1656,0,2,528,1960,1,7,1
105000,896,882,896,0,1,730,1961,1,5,1
172000,1329,1329,1329,0,1,312,1958,1,6,1
244000,2110,2110,2110,0,2,522,1968,2,8,1
189900,1629,928,928,701,2,482,1997,2,6,1
195500,1604,926,926,678,2,470,1998,2,7,1
213500,1338,1338,1338,0,2,582,2001,2,6,1
191500,1280,1280,1280,0,2,506,1992,2,5,1
236500,1616,1595,1616,0,2,608,1995,2,5,1
189000,1804,994,1028,776,2,442,1999,2,7,1
175900,1655,763,763,892,2,440,1993,2,7,1
185000,1187,1168,1187,0,2,420,1992,2,6,1
180400,1465,789,789,676,2,393,1998,2,7,1
171500,1341,1300,1341,0,2,506,1990,1,5,1
212000,1502,1488,1502,0,2,528,1985,1,4,1
538000,3279,1650,1690,1589,3,841,2003,3,12,1
164000,1752,559,1080,672,2,492,1988,2,8,1
394432,1856,1856,1856,0,3,834,2010,1,8,1
141000,864,864,864,0,2,400,1951,1,4,1
210000,2073,1542,2073,0,2,500,1978,2,7,1
190000,1844,1844,1844,0,2,546,1977,2,7,1
170000,1173,1053,1173,0,2,528,1974,2,6,1
216000,1674,814,814,860,2,663,2000,2,7,1
149000,1004,1004,1004,0,2,480,1970,1,5,1
149900,1078,1078,1078,0,2,500,1971,1,6,1
142000,1056,1056,1056,0,1,304,1968,1,6,1
126000,882,882,882,0,2,525,1970,1,4,1
115000,864,864,864,0,0,0,1971,1,5,1
184000,1337,1405,1337,0,2,511,1999,2,5,1
96000,987,483,483,504,1,264,1971,1,5,1
105500,1092,525,525,567,1,320,1971,1,6,1
88000,1092,525,525,567,1,264,1971,1,6,1
127500,1069,1069,1069,0,2,440,1977,2,4,1
149900,1456,855,855,601,2,440,1975,2,6,1
120000,836,836,836,0,1,308,1975,1,4,1
146000,1456,855,855,601,2,440,1978,2,7,1
376162,2334,1590,1627,707,3,751,2009,2,10,1
306000,1704,1704,1704,0,3,772,2007,2,7,1
395192,1940,1930,1940,0,3,606,2009,2,8,1
290941,1544,1544,1544,0,3,868,2009,2,7,1
220000,1541,1541,1541,0,2,532,2005,2,7,1
275000,1698,1698,1698,0,3,730,2005,2,7,1
259000,1822,1822,1822,0,3,678,2005,2,8,1
214000,1535,1517,1535,0,2,532,2004,2,7,1
611657,2364,2330,2364,0,3,820,2009,2,11,1
224000,1358,1358,1358,0,2,484,2009,2,6,1
500000,2696,2846,2696,0,3,958,2003,2,10,1
320000,2250,1671,1687,563,3,756,2002,2,7,1
319900,1752,1752,1752,0,2,576,2005,2,6,1
205000,1370,1370,1370,0,2,484,2006,2,6,1
175500,1626,764,764,862,2,474,2003,2,6,1
199500,1324,1324,1324,0,2,430,2005,2,6,1
160000,1145,1145,1145,0,2,437,2006,2,6,1
192000,1269,1256,1269,0,2,430,2004,2,6,1
184500,1374,384,744,630,2,400,2004,2,7,1
216500,1960,860,860,1100,2,440,2002,2,8,1
185088,1733,847,847,886,2,433,2004,2,7,1
180000,1430,384,774,656,2,400,2000,2,7,1
222500,2035,884,884,1151,2,434,2001,2,8,1
333168,2599,1393,1422,1177,3,779,1999,2,10,1
355000,2475,1629,1645,830,3,962,1998,2,7,1
260400,1720,1720,1720,0,2,527,1996,2,7,1
325000,2622,1463,1500,1122,2,712,1994,2,9,1
290000,2270,1152,1164,1106,3,671,1999,2,9,1
221000,1839,1195,1195,644,2,486,1998,2,7,1
410000,3238,2033,2053,1185,3,666,1995,2,9,1
221500,1595,1595,1595,0,3,880,2005,2,6,1
204500,1218,1218,1218,0,2,676,2009,2,4,1
215200,1547,756,764,783,2,614,2009,2,7,1
262500,1566,1566,1566,0,2,750,2008,2,7,1
254900,1947,991,991,956,2,678,2004,2,8,1
271500,1468,1468,1468,0,2,528,2005,2,6,1
233000,2084,956,956,1128,2,618,2004,2,8,1
181000,1659,831,831,828,2,484,2004,2,8,1
205000,2110,948,1222,888,2,463,1994,2,8,1
143000,923,923,923,0,1,264,1980,2,5,1
189000,1845,1055,1055,790,2,462,1992,2,8,1
99500,918,918,918,0,1,264,1979,2,5,1
125000,752,744,752,0,1,264,1984,1,4,1
194500,1744,996,1014,730,2,457,1993,2,7,1
152000,1097,1040,1097,0,2,480,1984,2,6,1
171000,1564,650,888,676,2,476,1980,2,7,1
67500,1012,816,1012,0,1,429,1920,1,5,0
112000,1902,0,1318,584,2,539,1978,2,8,1
148000,1155,1109,1155,0,2,576,1961,1,6,1
138500,894,894,894,0,1,336,1965,1,5,1
122000,900,882,900,0,1,280,1967,1,5,1
133000,1040,1040,1040,0,1,308,1963,1,5,1
127000,1040,1040,1040,0,1,260,1962,1,6,1
169000,1494,1208,1494,0,2,461,1974,2,7,1
190000,1923,750,1061,862,2,564,1992,2,8,1
362500,2349,1231,1251,1098,3,762,1993,2,9,1
285000,2225,1390,1402,823,3,713,1992,2,7,1
260000,1488,1488,1488,0,2,506,2004,2,6,1
190000,1680,840,840,840,2,588,2004,2,3,1
155000,1200,600,600,600,2,480,2004,2,4,1
151000,1200,600,600,600,2,480,2004,2,4,1
149500,1200,600,600,600,2,480,2004,2,4,1
152000,1236,600,600,636,2,480,2005,2,4,1
222000,1478,1470,1478,0,2,484,2009,2,7,1
177500,1573,756,769,804,2,440,2000,2,5,1
177000,1512,756,756,756,2,440,2000,2,5,1
155000,1416,696,696,720,2,484,1999,2,6,1
147110,1080,530,530,550,2,496,2003,2,4,1
267916,1418,1642,1418,0,3,852,2010,1,6,1
254000,1848,975,975,873,2,592,2000,2,7,1
155000,788,728,788,0,2,484,1980,1,3,1
206000,1226,1226,1226,0,2,484,1978,1,4,1
130500,1479,725,725,754,2,475,1976,2,6,1
230000,1492,1492,1492,0,2,596,2002,2,6,1
218500,1829,1829,1829,0,2,535,1967,2,8,1
243500,2495,1280,1280,1215,2,660,1993,2,9,1
205000,1610,1610,1610,0,2,480,1977,2,6,1
212500,1891,1224,1287,604,2,678,1978,3,7,1
196500,1714,980,980,734,2,496,1988,2,7,1
197500,1381,1161,1381,0,2,676,1972,1,5,1
171000,1645,715,930,715,2,441,1971,1,7,1
142250,1232,1232,1232,0,2,490,1966,1,6,1
143000,1328,1328,1328,0,2,528,1963,1,6,1
128950,1225,950,1225,0,0,0,1959,1,6,1
159000,1209,1209,1209,0,2,504,1966,1,6,1
178900,1510,1510,1510,0,2,517,1967,2,6,1
136300,1775,533,1131,644,2,480,1964,2,8,1
180500,1152,1152,1152,0,2,484,1964,1,6,1
137500,1054,936,1054,0,2,480,1963,1,6,1
84900,1728,1728,1728,0,0,0,1962,2,10,1
142125,1078,1078,1078,0,1,240,1950,1,5,1
197600,2461,1140,1929,532,2,400,1952,2,7,1
172500,1556,782,1019,537,2,470,1949,2,6,1
116500,858,858,858,0,0,0,1958,1,4,1
76500,1306,728,1306,0,0,0,1940,1,6,1
128000,1063,1056,1063,0,1,280,1954,1,6,1
153000,1520,1156,1520,0,1,364,1955,1,7,1
132000,1268,1268,1268,0,1,244,1954,1,7,1
178000,1128,1080,1128,0,1,315,1966,1,5,1
154300,2274,1105,1105,1169,2,480,1960,2,12,1
180000,2207,1947,2207,0,2,576,1970,2,7,1
190000,1888,1517,1888,0,2,578,1966,2,6,1
135000,1604,1604,1604,0,2,576,1958,2,8,1
214000,1480,1480,1480,0,2,620,2003,2,7,1
136000,1143,1143,1143,0,1,308,1959,1,6,1
165500,1700,1398,1700,0,2,447,1959,1,6,1
145000,1314,1314,1314,0,1,294,1957,1,5,1
148000,1194,1194,1194,0,1,312,1959,1,6,1
142000,1188,1188,1188,0,2,531,1959,1,6,1
167500,1264,1268,1264,0,2,461,1960,1,6,1
108538,1206,1206,1206,0,1,312,1959,1,6,1
159500,1580,1244,1580,0,2,440,1959,1,6,1
108000,1337,832,832,505,1,263,1956,1,5,1
135000,1064,864,1064,0,1,318,1952,1,4,1
122500,972,972,972,0,1,305,1955,1,5,1
119000,988,988,988,0,1,264,1958,1,5,1
109000,1057,1057,1057,0,1,246,1953,1,5,1
105000,985,576,985,0,2,676,1920,1,4,1
107500,827,0,827,0,1,392,1955,1,5,1
144900,1086,1086,1086,0,2,490,1954,1,6,1
129000,936,936,936,0,1,308,1956,1,4,1
97500,1458,912,912,546,1,330,1948,1,6,1
144000,1056,1056,1056,0,2,576,1980,0,4,1
162000,1287,1063,1287,0,2,576,1959,1,7,1
242000,2978,710,1898,1080,2,564,1967,2,11,1
132000,1224,816,816,408,1,280,1948,1,5,1
154000,1246,1246,1246,0,1,305,1959,1,6,1
166000,1385,910,910,475,2,720,1952,2,6,1
134800,900,900,900,0,2,576,1951,1,5,1
160000,1116,1116,1116,0,2,440,1962,1,5,1
148000,1175,1175,1175,0,2,484,1960,1,6,1
192000,1395,1395,1395,0,2,440,1963,1,7,1
155000,1839,756,1051,788,2,442,1966,1,7,1
80400,1844,709,1157,687,1,240,1900,1,9,1
96500,1140,576,792,348,0,0,1910,1,7,1
109500,936,936,936,0,0,0,1920,1,5,1
115000,1028,1008,1028,0,2,360,1927,1,5,1
143000,1347,1347,1347,0,2,551,1957,1,6,1
107400,1605,840,840,765,1,379,1915,2,8,0
80000,747,747,747,0,1,220,1945,1,4,1
119000,804,788,804,0,1,240,1940,1,4,1
130000,1316,926,926,0,2,484,1929,1,6,1
119000,1251,827,827,424,1,240,1938,1,6,1
129000,1633,1027,1027,606,1,240,1948,1,7,1
100000,1245,1008,1060,185,1,315,1920,1,6,1
12789,832,678,832,0,2,780,1923,1,5,0
105900,720,624,720,0,2,484,1928,1,5,1
150000,1566,930,930,636,1,288,1900,2,7,0
139000,1652,686,966,686,1,416,1915,2,7,1
240000,2268,346,1157,1111,2,624,1890,3,7,1
76500,2256,840,1128,1128,0,0,1910,2,12,0
149700,1236,912,1236,0,2,923,1957,1,6,1
125500,1363,622,741,622,2,528,1910,1,6,1
122500,2290,777,1246,1044,2,560,1885,2,11,1
140750,1470,738,868,602,2,624,1922,1,6,1
128500,1612,988,1030,582,1,363,1950,1,7,1
209500,2068,1108,1160,908,1,315,1922,1,8,0
87000,765,765,765,0,1,200,1925,1,4,0
134000,1132,608,608,524,1,240,1939,1,5,1
128000,1196,572,848,348,2,576,1940,1,6,1
132000,1453,835,955,498,1,240,1942,1,7,1
139900,1416,780,780,636,1,312,1948,1,6,1
123900,1040,528,548,492,2,624,1936,1,5,1
138400,1536,928,928,608,2,480,1930,2,7,1
109500,1068,1124,1068,0,1,288,1923,1,5,1
140000,1710,576,902,808,2,480,1921,2,9,1
149500,1962,888,888,1074,2,572,1915,1,9,1
159900,1560,780,780,780,0,0,1912,1,7,1
122000,1324,662,662,662,1,180,1920,1,6,1
110000,816,816,816,0,2,516,1963,1,5,0
55000,1092,0,372,720,0,0,1930,2,7,0
140000,1812,360,1032,780,2,672,1900,2,8,1
244400,2403,1032,1207,1196,1,349,1940,2,10,1
173000,1675,1422,1675,0,1,365,1959,2,8,1
107500,1224,689,725,499,1,180,1917,1,6,0
100000,1392,1212,1212,180,0,0,1915,1,6,0
95000,919,600,600,319,1,231,1940,1,5,0
93369,1884,707,942,942,0,0,1907,1,7,0
114900,1680,856,936,744,2,450,1910,2,7,1
94000,1020,780,780,240,0,0,1875,1,6,0
136000,1832,1832,1832,0,0,0,1967,2,8,0
136500,1768,1768,1768,0,0,0,1968,2,8,0
131500,1039,1039,1039,0,2,504,1965,1,6,1
121500,1392,1392,1392,0,2,528,1957,1,5,1
125000,912,912,912,0,1,336,1967,1,5,1
154000,1060,1060,1060,0,1,270,1968,1,6,1
137900,892,864,892,0,1,416,1966,1,5,1
158000,1352,663,663,689,1,299,1969,1,7,1
137250,864,864,864,0,1,280,1968,1,4,1
160250,1373,1319,1373,0,2,591,1978,1,5,1
163000,1440,720,720,720,2,480,1968,1,7,1
158900,1386,672,672,714,2,440,1978,2,6,1
328000,2260,1306,1306,954,2,533,1996,2,7,1
270000,1483,1420,1483,0,2,690,1977,1,4,1
85000,756,660,756,0,2,440,1927,1,4,0
128000,1067,1067,1067,0,2,436,1950,2,4,1
260000,1524,1332,1332,192,2,586,1979,0,4,1
230000,1981,1117,1117,864,2,522,1978,2,8,1
124000,1610,972,1052,558,1,480,1938,2,8,1
83000,835,458,835,0,1,366,1920,1,5,0
144500,1074,663,1074,0,1,467,1950,1,6,1
129000,1144,1144,1144,0,1,596,1956,1,6,1
127000,1531,756,1169,0,1,209,1947,1,8,1
128000,1172,1172,1172,0,1,366,1954,1,5,1
186000,1212,1212,1212,0,2,460,2009,2,6,1
308030,1508,1508,1508,0,2,572,2009,1,5,1
114000,1298,1250,1298,0,2,504,1964,2,5,1
84900,930,0,930,0,1,308,1946,1,6,1
178000,1732,741,977,755,2,476,1985,2,7,1
270000,1433,1433,1433,0,2,528,1987,1,4,1
218000,1802,946,964,838,4,1017,1993,2,8,1
236000,1949,1050,1062,887,2,574,1993,2,8,1
147000,996,936,996,0,2,564,1992,1,5,1
245350,1694,1694,1694,0,3,776,2008,2,7,1
206000,1208,1187,1208,0,2,632,2006,2,6,1
198900,1226,1226,1226,0,3,740,2009,2,6,1
187000,1222,1222,1222,0,2,615,2010,2,6,1
320000,3222,1673,1699,1523,3,594,1990,3,11,1
138500,1445,676,831,614,2,484,1900,2,6,1
155000,1052,1010,1052,0,2,440,1971,1,6,1
159000,965,870,965,0,2,580,1996,1,4,1
191000,1692,878,892,800,2,513,1997,2,8,1
200500,1682,804,804,878,2,523,1998,2,7,1
150000,1026,1026,1026,0,1,308,1977,1,5,1
161750,1392,689,689,703,1,299,1977,1,6,1
128200,894,894,894,0,1,308,1976,1,5,1
127000,876,876,876,0,2,484,1972,1,5,1
318000,1978,1978,1978,0,3,850,2003,2,8,1
272000,1601,1581,1601,0,2,670,2001,2,6,1
237000,1829,941,941,888,2,613,2003,2,7,1
240000,2098,1040,1044,1054,2,621,1997,2,9,1
224900,1661,1649,1661,0,2,598,1998,2,6,1
143750,848,848,848,0,2,420,2003,1,4,1
143000,848,848,848,0,2,420,2004,1,3,1
232000,1668,1657,1668,0,2,502,2003,2,8,1
213000,1484,1473,1484,0,2,606,2004,2,7,1
185500,1414,1414,1414,0,2,494,2004,2,6,1
84900,640,0,640,0,1,240,1945,1,5,0
155891,992,381,992,0,1,319,1954,1,6,1
100000,1664,0,1664,0,0,0,1965,2,8,0
144000,1196,1196,1196,0,1,336,1968,1,6,1
64000,1120,744,792,328,2,480,1948,1,5,0
125200,1096,1008,1096,0,1,352,1975,1,5,1
107000,1117,1029,1117,0,2,672,1976,1,6,1
90000,960,960,960,0,0,0,1958,1,5,1
140000,1121,1121,1121,0,2,440,2003,2,5,1
113000,1487,735,798,689,1,220,1945,1,7,1
80000,924,672,672,252,1,280,1941,1,5,0
144500,1526,1216,1526,0,1,364,1957,1,7,1
104000,1296,1107,1296,0,1,260,1924,2,5,0
128000,1647,806,841,806,1,216,1915,1,6,0
58500,864,864,864,0,1,200,1914,1,5,0
127000,1691,1026,1026,665,1,308,1924,2,6,1
126000,856,856,856,0,2,399,1939,1,4,1
160000,2650,0,862,1788,0,0,1967,3,10,1
100000,1666,894,894,772,0,0,1931,1,7,1
169000,2447,804,1699,748,1,336,1919,2,10,1
257500,2133,1528,1225,908,1,312,1941,1,8,1
215000,2177,1032,1102,1075,2,484,1950,2,11,1
266500,2340,1152,1188,1152,1,252,1941,2,9,1
335000,1902,1902,1902,0,2,567,1959,2,7,1
203135,1652,423,896,756,2,473,1994,2,6,1
185000,1034,982,1034,0,2,598,1989,1,4,1
162500,1191,1191,1191,0,2,531,1989,2,5,1
289000,1801,1501,1801,0,2,484,1959,2,6,1
125500,1154,796,796,358,1,240,1922,1,7,1
82000,540,480,540,0,1,200,1941,1,4,1
110000,1107,629,727,380,1,625,1921,1,5,1
68400,1128,698,698,430,2,528,1920,1,6,1
102776,1178,859,859,319,1,384,1900,1,7,1
55993,1044,540,1044,0,2,504,1952,1,4,0
50138,952,756,952,0,1,330,1896,1,5,1
246000,1646,1594,1646,0,2,525,2004,2,5,1
254900,1916,1049,1036,880,3,741,1998,2,8,1
190000,1285,1243,1285,0,2,473,1977,2,6,1
201000,1560,1560,1560,0,2,573,2003,2,7,1
169900,1034,1012,1034,0,3,888,1976,1,6,1
170000,2048,1958,2048,0,2,776,1976,3,9,1
160000,1687,747,1687,0,2,572,1948,1,7,1
220000,1346,1336,1346,0,3,660,2008,2,6,1
179781,1214,1214,1214,0,2,520,2009,2,6,1
174000,1444,384,744,700,2,400,2006,2,7,1
269500,1968,774,774,1194,3,680,2009,2,8,1
214900,1894,817,824,1070,2,510,2002,2,8,1
202900,1908,967,993,915,2,431,2002,2,9,1
378500,2018,2002,2018,0,3,746,2008,2,10,1
169000,1264,1068,1264,0,2,528,1965,1,7,1
173500,1430,1430,1430,0,2,624,2004,2,7,1
139000,1824,912,912,912,0,0,1971,2,8,1
166500,1344,1344,1344,0,2,686,1999,2,7,1
83500,1092,546,546,546,1,286,1973,1,6,1
119500,945,945,945,0,1,253,1973,1,5,1
85000,1112,536,536,576,1,336,1976,1,4,1
76000,1092,546,546,546,0,0,1970,1,5,1
75500,630,630,630,0,0,0,1972,1,3,1
88250,1092,546,546,546,0,0,1970,1,5,1
85500,1092,546,546,546,1,286,1972,1,5,1
130000,874,864,874,0,1,352,1971,1,5,1
157900,1188,1188,1188,0,1,312,1962,1,6,1
149900,833,833,833,0,2,495,1984,1,5,1
159000,2432,1216,1216,1216,2,616,1985,4,10,1
136000,1274,624,624,650,2,576,1991,1,6,1
161000,1479,864,864,615,1,275,1969,2,8,1
285000,1803,1679,1803,0,2,482,1994,2,6,1
231000,1797,1152,1152,645,2,616,1993,2,7,1
124500,882,882,882,0,1,502,1956,1,5,1
157000,1434,1434,1434,0,2,528,1974,2,7,1
345000,2704,1952,2000,704,2,538,1972,2,9,1
189500,1608,945,945,663,2,470,1997,2,7,1
270000,2283,1008,1008,1275,3,632,2003,2,9,1
189000,1628,384,958,670,2,390,1996,2,7,1
377500,1746,1746,1746,0,3,758,2006,2,7,1
168500,1474,384,804,670,2,400,1995,2,7,1
375000,2522,2208,2522,0,2,564,2004,2,8,1
278000,1659,1501,1659,0,2,499,2000,2,5,1
240000,1478,1418,1478,0,2,495,1998,2,5,1
239500,1734,1587,1734,0,2,528,1995,2,6,1
177500,1382,384,751,631,2,396,1998,2,7,1
185000,1718,832,885,833,2,427,1998,2,7,1
191000,1636,952,952,684,2,440,1998,2,7,1
178000,1571,799,799,772,2,380,1993,2,7,1
185000,1470,680,680,790,2,420,1993,2,6,1
181316,1516,707,707,809,2,409,1994,2,7,1
166000,1190,1181,1190,0,2,430,1993,2,6,1
178000,1593,808,808,785,2,389,1992,2,7,1
174000,1481,702,702,779,2,343,1994,2,6,1
173000,1167,1158,1167,0,2,400,1992,2,6,1
225000,1983,978,1005,978,2,490,1999,2,9,1
180500,1442,1424,1442,0,2,500,1990,2,5,1
187500,1360,1220,1360,0,2,565,1984,1,4,1
501837,2234,2216,2234,0,3,1166,2008,2,9,1
372500,2046,2046,2046,0,3,834,2008,2,7,1
260000,1530,1530,1530,0,2,430,2005,2,7,1
185000,1934,1122,946,988,2,567,1977,2,6,1
260000,2353,845,1153,1200,2,484,1980,2,10,1
181000,1586,1362,1586,0,2,435,1979,2,7,1
82500,1411,1386,1411,0,2,544,1977,2,6,1
215000,1602,1602,1602,0,2,529,1977,2,8,1
154000,2050,832,1154,896,2,529,1978,2,8,1
200000,1671,1427,1671,0,2,484,1978,2,7,1
249000,2673,1043,1539,1134,2,441,1980,2,9,1
187500,1472,1372,1472,0,2,588,1980,2,6,1
184000,1707,1140,1707,0,2,479,1978,2,7,1
278000,2524,2524,2524,0,2,542,1981,2,9,1
157000,1601,1271,1601,0,2,478,1978,2,7,1
152000,1370,1090,1370,0,2,479,1976,2,6,1
197500,1868,780,1088,780,2,484,1976,2,9,1
240900,1884,926,1016,868,2,581,2003,2,7,1
263435,1935,832,832,1103,2,552,2009,2,8,1
220000,1874,1058,1058,816,2,588,2000,2,7,1
235000,1811,972,972,839,2,565,2002,2,7,1
213000,1621,1621,1621,0,2,478,1975,2,7,1
167900,1116,1116,1116,0,2,528,1974,2,6,1
158000,1193,1176,1193,0,2,506,1975,2,5,1
165000,1350,1064,1350,0,2,478,1974,2,7,1
158000,2119,689,1378,741,2,583,1972,2,7,1
136000,1792,896,896,896,0,0,1974,2,8,1
148500,1002,1002,1002,0,2,902,1970,1,5,1
156000,1026,1026,1026,0,2,440,1969,1,5,1
128000,1180,1180,1180,0,2,477,1970,1,6,1
143000,1050,1043,1050,0,1,336,1971,1,6,1
76500,864,864,864,0,2,576,1970,1,5,1
120500,864,864,864,0,2,660,1970,1,5,1
124500,864,864,864,0,2,463,1970,1,5,1
97000,864,864,864,0,2,576,1971,1,4,1
130000,864,864,864,0,2,576,1971,1,5,1
111000,987,483,483,504,1,264,1973,1,5,1
125000,1365,765,765,600,2,440,1970,1,7,1
112000,1302,630,630,672,1,280,1971,2,6,1
97000,987,483,483,504,1,288,1972,1,5,1
118000,987,483,483,504,1,264,1972,1,5,1
119500,1302,630,630,672,1,264,1972,2,6,1
143750,958,958,958,0,2,440,1976,2,5,1
146000,1548,804,804,744,2,440,1976,2,7,1
148500,1456,855,855,601,2,440,1976,2,7,1
123000,1055,1057,1055,0,2,440,1975,2,4,1
147000,1322,855,855,467,2,440,1974,2,6,1
137900,1456,855,855,601,2,440,1977,2,6,1
147000,1548,804,804,744,2,440,1978,2,7,1
148500,1441,855,855,586,2,440,1978,2,7,1
138000,1456,855,855,601,2,440,1978,2,6,1
128500,836,836,836,0,1,345,1976,1,5,1
100000,892,892,892,0,1,288,1967,1,5,1
148800,1120,864,1120,0,2,656,1966,1,5,1
337500,1718,1700,1718,0,3,786,2006,2,7,1
462000,2772,1776,1794,978,3,754,2007,3,10,1
485000,3140,1926,1966,1174,3,820,2008,3,11,1
555000,2402,3094,2402,0,3,672,2008,2,10,1
325000,1652,1652,1652,0,2,840,2006,2,6,1
256300,1600,1566,1600,0,3,890,2007,2,7,1
253293,2042,2042,2042,0,3,1390,2008,2,8,1
398800,2690,1365,1365,1325,3,864,2009,2,8,1
335000,2184,1104,1130,1054,3,836,2008,2,10,1
404000,2020,2020,2020,0,3,896,2008,2,7,1
402861,2020,2006,2020,0,3,900,2009,2,9,1
451950,2296,1722,1728,568,3,842,2008,2,10,1
610000,2674,2630,2674,0,3,762,2007,2,8,1
582933,2822,1734,1734,1088,3,1020,2008,3,12,1
360000,1736,1736,1736,0,3,834,2008,2,7,1
296000,1782,1782,1782,0,3,932,2004,2,7,1
409900,2520,1508,1508,1012,3,640,2007,2,10,1
255500,1717,1709,1717,0,3,908,2006,2,7,1
335000,1743,1739,1743,0,3,927,2008,2,8,1
274900,1713,1713,1713,0,3,856,2004,2,7,1
300000,1531,1504,1531,0,3,700,2006,2,6,1
324000,1808,1774,1808,0,3,850,2008,2,7,1
350000,2224,1462,1462,762,3,738,2004,2,10,1
280000,1836,1836,1836,0,3,862,2004,2,7,1
284000,1629,3206,1629,0,3,880,2003,2,7,1
269500,1760,1760,1760,0,2,583,2003,2,8,1
233170,1502,1502,1502,0,2,644,2009,2,7,1
386250,2392,2392,2392,0,3,968,2003,2,8,1
445000,2452,2452,2452,0,3,886,2003,2,10,1
290000,2400,1082,1105,1295,3,730,2003,3,10,1
255900,1606,1598,1606,0,3,871,2006,2,6,1
213000,1358,1358,1358,0,2,484,2005,2,6,1
196000,1306,1306,1306,0,2,624,2005,2,5,1
184500,1306,1306,1306,0,2,624,2005,2,5,1
212500,1358,1350,1358,0,2,484,2007,2,6,1
230000,1314,1314,1314,0,2,626,2007,2,6,1
552000,2492,2492,2492,0,3,949,2004,2,8,1
382500,2200,2200,2200,0,3,685,2003,2,8,1
320000,1884,1884,1884,0,2,649,2008,2,6,1
248500,1456,1451,1456,0,2,539,2008,2,6,1
286500,1712,1712,1712,0,3,701,2002,2,8,1
254000,1324,1324,1324,0,2,550,2006,2,6,1
173000,1405,1405,1405,0,2,478,2003,2,6,1
173000,1626,764,764,862,2,474,2003,2,6,1
184000,1456,728,728,728,2,390,2005,2,8,1
167800,1490,745,745,745,2,392,2005,2,7,1
174000,1484,742,742,742,2,390,2005,2,8,1
174000,1560,684,684,876,2,400,2005,2,6,1
174000,1555,1373,1555,0,3,660,2007,2,7,1
175900,1569,1386,1569,0,3,660,2007,2,7,1
192500,1555,1373,1555,0,2,430,2005,2,7,1
181000,1504,1346,1504,0,2,457,2005,2,7,1
180000,1220,1220,1220,0,2,397,2005,2,5,1
160200,1145,1145,1145,0,2,397,2005,2,5,1
188500,1432,716,716,716,2,432,2004,2,6,1
200000,2267,1010,1010,1257,2,390,2002,2,8,1
170000,1374,384,744,630,2,400,2004,2,6,1
189500,1630,868,868,762,2,436,2004,2,7,1
184100,1419,408,779,640,2,527,2002,2,7,1
195500,1594,846,846,748,2,434,2004,2,7,1
192000,1489,782,806,683,2,400,2003,2,8,1
178000,1342,698,698,644,2,393,2003,2,7,1
207500,1314,1314,1314,0,2,626,2007,2,6,1
236000,2256,952,980,1276,2,554,2000,2,8,1
257500,2004,870,878,1126,3,644,2002,2,8,1
244000,2054,992,1022,1032,2,390,2000,2,7,1
167000,1374,384,744,630,2,400,2004,2,7,1
179000,1800,982,1007,793,2,463,2000,2,7,1
190000,1514,794,819,695,2,394,2000,2,7,1
156000,1430,384,774,656,2,400,1999,2,7,1
245000,2312,1177,1223,1089,3,658,1999,2,8,1
181000,1675,841,892,783,2,502,1999,2,7,1
214000,2060,992,1022,1038,2,390,1999,2,8,1
168000,1430,384,774,656,2,410,1999,2,7,1
337000,2365,1252,1268,1097,3,856,1999,2,8,1
403000,2794,1462,1490,1304,3,810,1995,2,9,1
327000,2687,1455,1466,1221,3,810,2000,2,10,1
340000,2450,1284,1310,1140,3,1069,1998,2,7,1
336000,2612,1225,1276,1336,3,676,1998,2,8,1
265000,2344,1264,1277,1067,3,889,1996,2,7,1
315000,2063,2024,2063,0,3,815,1994,2,7,1
260000,2646,1347,1372,1274,3,656,1993,2,9,1
260000,2061,1070,1094,967,2,647,1995,2,7,1
263550,2232,1173,1215,1017,2,623,1993,2,8,1
402000,2448,1629,1686,762,3,711,1994,2,8,1
248000,1850,973,979,871,2,467,1994,2,7,1
244600,1468,1468,1468,0,3,898,2008,2,6,1
275000,1696,1696,1696,0,3,972,2008,2,7,1
257500,1658,1614,1658,0,3,726,2008,2,7,1
287090,1578,1573,1578,0,3,840,2008,2,7,1
275500,1702,1702,1702,0,3,844,2007,2,7,1
245000,1432,1422,1432,0,2,492,2006,2,7,1
253000,1971,1113,1113,858,2,689,2005,2,8,1
468000,2490,2458,2490,0,3,795,2005,2,9,1
252678,1852,900,932,920,2,644,2009,2,7,1
210000,1590,768,786,804,2,676,2008,2,6,1
208300,1218,1218,1218,0,2,676,2009,2,4,1
225000,1436,1436,1436,0,2,529,2008,2,6,1
229456,1314,1300,1314,0,2,552,2009,2,6,1
229800,1402,1402,1402,0,2,625,2008,2,7,1
250000,1530,1530,1530,0,3,984,2007,2,7,1
370878,1766,1766,1766,0,3,478,2009,2,7,1
238500,1448,1372,1448,0,2,692,2006,2,6,1
310000,2007,1017,1026,981,3,812,2008,2,10,1
270000,1795,900,909,886,3,782,2006,2,8,1
252000,1953,1082,1082,871,3,1043,2005,2,9,1
241000,1550,1092,1112,438,2,438,2006,2,7,1
264500,1836,1836,1836,0,2,517,2008,2,8,1
291000,1662,1652,1662,0,3,711,2006,2,8,1
263000,2094,912,912,1182,2,615,2003,2,8,1
185000,1221,1221,1221,0,2,400,2004,2,6,1
234500,1553,1553,1553,0,2,588,2003,2,6,1
209000,1653,812,812,841,2,628,2003,2,6,1
159000,1218,1218,1218,0,2,576,2007,1,6,1
152000,1141,1141,1141,0,2,484,2006,1,6,1
143500,1158,1158,1158,0,0,0,2004,1,5,1
193000,1812,835,871,941,2,478,2004,2,8,1
203000,1512,1512,1512,0,3,845,2004,2,6,1
184900,1200,1176,1200,0,2,555,2003,2,5,1
159000,1114,1114,1114,0,2,576,2004,1,6,1
142000,1114,1114,1114,0,0,0,2004,1,6,1
153000,1114,1114,1114,0,2,576,2003,2,6,1
224243,1450,1450,1450,0,3,788,2008,2,6,1
220000,2122,913,913,1209,2,559,1996,2,8,1
257000,1844,1844,1844,0,2,620,2005,2,7,1
189000,1434,1454,1434,0,2,527,2001,2,6,1
171500,1730,816,833,897,2,528,1992,2,6,1
120000,1217,626,626,591,1,288,1980,1,6,1
145000,1332,1332,1332,0,2,542,1990,2,5,1
184000,1540,754,754,786,2,495,1994,2,6,1
162000,1400,676,698,702,2,465,1986,2,6,1
160000,1882,0,964,918,2,612,1981,2,8,1
82000,841,721,841,0,1,294,1950,1,4,1
76000,784,784,784,0,2,360,1928,1,5,0
110000,980,980,980,0,2,400,1962,1,5,1
135000,980,980,980,0,2,484,1977,1,6,1
141000,864,864,864,0,2,732,1961,1,5,1
122000,864,864,864,0,1,440,1961,1,5,1
124100,1020,1024,1020,0,1,288,1965,2,5,1
129000,912,912,912,0,1,300,1963,1,6,1
131400,1144,864,1144,0,1,264,1961,1,6,1
62383,864,864,864,0,1,360,1965,1,5,1
123000,912,912,912,0,1,252,1962,1,6,1
275000,2014,2014,2014,0,3,864,1980,2,6,1
235000,1755,975,975,780,2,524,1991,2,7,1
280750,3005,1376,1376,1629,3,704,2004,2,9,1
164500,1224,612,612,612,2,528,2009,2,4,1
173733,1224,612,612,612,2,528,2009,2,4,1
222000,1726,1726,1726,0,2,561,2008,2,6,1
195000,1256,1145,1256,0,2,641,2008,1,5,1
172500,1471,729,742,729,2,440,1999,2,6,1
180000,1512,756,756,756,2,440,2000,2,4,1
156000,1452,691,713,739,2,506,1999,2,6,1
172500,1739,970,983,756,2,480,1999,2,7,1
318750,1694,1694,1694,0,2,642,1977,2,5,1
211500,1226,1226,1226,0,2,484,1981,1,4,1
241600,1740,1740,1740,0,2,540,1981,1,7,1
180500,2499,392,1487,1012,2,527,1976,2,5,1
150000,1620,1281,1620,0,2,490,1976,2,8,1
154000,1556,727,829,727,2,441,1968,1,8,1
185000,1442,1442,1442,0,2,615,1970,2,6,1
185750,1489,1489,1489,0,2,462,1968,2,7,1
200000,2090,1107,1107,983,2,484,1973,2,7,1
206000,2067,752,1285,782,2,784,1974,2,7,1
162000,1395,723,735,660,2,497,1972,1,6,1
256900,2640,932,1271,1369,2,515,1967,2,8,1
197900,1724,1680,1724,0,2,480,1967,1,7,1
163000,1336,1288,1336,0,2,502,1969,2,6,1
113000,1216,1216,1216,0,1,336,1969,1,5,1
230000,2288,908,1316,972,2,520,1977,1,8,1
167900,1334,1350,1334,0,2,630,1977,2,6,1
213250,1680,1650,1680,0,2,583,1998,2,7,1
227000,1665,810,810,855,2,528,2001,2,6,1
130000,864,864,864,0,1,312,1967,1,5,1
143000,1568,1568,1568,0,2,440,1967,1,7,1
117500,925,925,925,0,1,429,1965,1,5,1
168500,2061,1165,1165,896,2,498,1974,2,8,1
172500,1320,1232,1320,0,2,495,1971,2,5,1
161500,1342,1372,1342,0,2,457,1967,2,7,1
141500,894,894,894,0,2,396,1960,1,5,1
118000,864,864,864,0,1,308,1959,1,5,1
127500,864,864,864,0,1,300,1959,1,5,1
140000,1362,1040,1362,0,3,768,1957,1,6,1
177625,1728,1048,1728,0,2,576,1956,2,7,1
110000,1776,1584,1776,0,3,888,1958,2,9,1
167000,1516,1516,1516,0,2,472,1964,1,6,1
153000,1313,1313,1313,0,2,610,1961,1,6,1
145100,1292,1292,1292,0,2,520,1964,1,6,1
154000,1154,1154,1154,0,2,480,1966,1,6,1
177500,2140,744,825,1315,2,549,1965,2,7,1
158000,1445,1127,1445,0,2,645,1964,1,7,1
124500,1041,1041,1041,0,1,270,1959,1,6,1
174500,1576,1208,1576,0,2,368,1961,1,7,1
122000,960,960,960,0,1,330,1955,1,5,1
82500,708,420,708,0,0,0,1940,1,5,1
110000,1203,709,979,224,1,352,1950,1,5,1
149500,1505,1505,1505,0,2,505,1953,1,6,1
175000,1691,1680,1691,0,2,550,1967,1,5,1
167000,1644,1416,1644,0,2,418,1953,1,7,1
128900,1050,1050,1050,0,1,338,1956,1,5,1
140000,1668,856,1112,556,1,271,1950,1,6,1
147000,1113,1113,1113,0,1,264,1950,1,5,1
124000,1584,1584,1584,0,3,792,1967,2,8,1
187500,1453,1453,1453,0,2,530,1961,2,6,1
159000,1394,1394,1394,0,2,514,1963,1,6,1
256000,1567,1562,1567,0,2,542,1966,2,5,1
205000,1986,768,1186,800,2,486,1965,2,7,1
193500,2142,896,1182,960,1,509,1968,2,8,1
110000,1392,1392,1392,0,2,576,1968,1,5,1
104900,1738,715,1281,457,1,368,1920,2,7,1
150000,1144,1169,1144,0,1,286,1956,1,6,1
156500,1478,1478,1478,0,2,442,1957,1,6,1
176000,1329,1329,1329,0,2,441,1960,1,5,1
149500,988,988,988,0,1,297,1959,2,6,1
139000,1632,1240,1632,0,1,338,1958,2,6,1
155000,1215,1215,1215,0,1,297,1958,1,6,1
120000,1202,1202,1202,0,1,304,1956,1,6,1
153000,1382,1382,1382,0,1,350,1955,1,6,1
144000,1200,1200,1200,0,1,294,1956,1,6,1
176000,1382,1362,1382,0,2,884,1962,1,6,1
153000,1297,1297,1297,0,2,498,1954,1,5,1
135000,1866,1866,1866,0,2,495,1958,2,8,1
131000,1062,1062,1062,0,1,297,1954,1,6,1
123000,1319,608,1319,0,1,270,1953,1,5,1
126000,1112,631,1112,0,2,480,1951,1,5,1
115000,1005,1005,1005,0,2,672,1955,1,5,1
164900,1363,1008,1363,0,1,288,1951,1,6,1
113000,793,793,793,0,1,240,1945,1,4,1
145500,1031,1031,1031,0,1,230,1952,1,5,1
102900,1210,0,1210,0,1,616,1953,1,7,1
95000,1699,978,1014,685,2,420,1900,2,7,1
152500,1527,699,801,726,2,410,1948,1,6,1
129900,1200,1200,1200,0,1,246,1950,1,6,1
132000,972,972,972,0,1,240,1948,1,5,1
99900,792,792,792,0,1,366,1958,1,4,1
135000,1656,660,808,704,1,180,1916,2,8,1
149000,1352,676,676,676,2,720,1939,2,7,1
114000,1039,405,717,322,1,281,1900,1,6,1
109500,792,768,792,0,1,240,1924,1,5,1
125000,1078,1054,1078,0,1,264,1925,1,6,1
142900,2377,1313,1313,0,2,528,1915,2,8,1
156500,1690,560,930,760,2,624,1910,2,5,1
59000,599,416,599,0,0,0,1940,1,4,0
105000,1374,840,840,534,1,338,1920,1,6,1
106000,846,720,846,0,2,576,1920,1,4,0
78500,725,630,725,0,1,320,1890,1,4,1
190000,2544,1248,1248,1296,3,907,1969,2,12,1
154000,1380,1380,1380,0,1,364,1963,1,6,1
163000,1040,1040,1040,0,2,480,1967,1,6,1
200000,2634,1248,1338,1296,4,968,1969,2,12,1
143500,951,951,951,0,2,480,1958,1,6,1
135000,1105,1105,1105,0,1,308,1957,1,5,1
153000,1306,992,1306,0,1,756,1957,1,5,1
157500,1478,1478,1478,0,2,498,1960,2,6,1
113500,1142,160,1142,0,1,384,1958,1,5,1
133000,1268,832,1036,0,1,288,1949,1,6,1
92900,1040,0,1040,0,2,400,1950,2,6,0
128500,1133,795,765,368,2,900,1950,1,5,0
90000,1040,0,1040,0,2,420,1949,2,6,0
138000,1904,1208,1136,768,1,240,1950,1,7,1
128000,1041,1041,1041,0,1,294,1958,1,6,1
139000,1339,1029,1339,0,1,294,1958,1,6,1
118900,732,732,732,0,1,240,1952,1,4,1
138000,1183,528,1183,0,1,288,1959,1,6,1
132500,1148,1148,1148,0,1,672,1959,1,6,1
133500,1461,832,832,629,1,384,1949,2,6,1
135000,1495,864,1064,0,2,576,1948,1,6,1
144750,1806,780,993,813,2,483,1964,1,8,1
145000,941,941,941,0,2,564,1978,1,4,1
127000,1045,1045,1045,0,1,264,1963,1,6,1
109500,894,894,894,0,1,308,1962,1,5,0
115000,1224,818,818,406,1,210,1926,1,5,1
110000,1230,440,682,548,2,440,1910,1,5,1
128900,1378,901,861,517,1,162,1935,1,6,1
103500,1944,972,972,972,2,324,1910,2,12,0
66500,1131,676,676,455,1,200,1941,1,5,1
130000,1306,240,810,496,2,472,1910,1,6,1
129000,1464,504,764,700,0,0,1910,2,7,1
150000,1558,690,868,690,2,400,1939,1,7,1
107500,2372,994,1378,994,1,432,1892,2,11,0
94550,1701,600,1101,600,0,0,1920,2,8,0
124500,1960,960,960,1000,2,400,1952,2,10,1
135000,1389,651,707,682,1,240,1946,1,6,1
103000,1447,801,801,646,0,0,1910,1,6,0
93000,936,936,936,0,2,576,1953,1,4,0
129500,1328,768,768,560,1,308,1950,1,6,1
93000,1387,811,811,576,1,256,1954,2,7,1
80000,861,861,861,0,2,288,1920,1,5,1
45000,612,0,612,0,1,308,1940,1,4,0
37900,968,600,600,368,0,0,1910,1,6,0
91300,886,190,886,0,1,273,1938,1,4,1
99500,792,624,792,0,1,287,1923,1,5,1
113000,1452,736,736,716,0,0,1920,2,8,1
87500,1510,677,833,677,2,720,1910,2,7,1
110000,1284,720,720,564,1,240,1947,1,5,1
106000,2138,849,1075,1063,2,360,1898,2,11,0
265979,2640,1240,1320,1320,4,864,1880,1,8,0
160000,2007,917,1090,917,1,357,1900,2,8,1
119000,1288,624,664,624,1,280,1917,1,5,1
168000,1742,916,916,826,2,424,1882,1,8,1
58500,816,624,816,0,0,0,1910,1,5,1
143000,1482,650,832,650,2,324,1920,1,7,1
85000,1022,1022,1022,0,1,280,1910,1,4,0
124900,1869,1088,1188,561,2,456,1890,1,7,1
119000,1480,972,1044,0,1,207,1920,1,6,1
146500,1521,741,780,741,3,640,1910,1,8,1
34900,720,720,720,0,0,0,1920,1,4,0
44000,797,245,797,0,0,0,1900,1,5,0
223500,1576,1324,1072,504,2,528,1923,1,6,1
149000,1432,1022,1432,0,1,216,1923,1,6,0
205000,1548,952,952,596,2,672,1925,2,5,0
137000,1654,297,1001,653,1,336,1930,2,7,1
121000,952,952,952,0,1,192,1916,1,4,0
128000,1324,672,757,567,1,240,1936,1,6,1
134900,1176,698,786,390,2,624,1937,1,4,1
117000,1348,884,884,464,1,216,1925,1,5,1
132500,1412,780,825,587,1,280,1939,1,6,1
93000,1142,468,822,320,1,320,1924,1,6,1
119000,904,884,904,0,1,180,1926,1,4,1
100000,1301,1145,1301,0,2,440,1924,1,5,1
141500,1539,927,1067,472,2,576,1936,1,5,1
133000,1573,884,989,584,1,240,1935,1,6,1
60000,800,264,800,0,0,0,1936,1,4,0
105000,875,715,875,0,1,180,1931,1,5,1
115000,995,960,995,0,1,264,1925,1,5,1
150000,1582,952,994,588,1,250,1938,2,6,1
126500,1072,1072,1072,0,5,1184,1925,1,5,1
214500,2134,844,1445,689,2,441,1916,2,10,0
167500,2019,728,1136,883,2,532,1910,1,8,0
155000,1768,1048,1048,720,2,576,1915,2,8,1
155000,1826,910,916,910,1,164,1915,1,7,1
179900,1944,672,1272,672,1,216,1915,2,8,1
104000,2229,755,929,929,0,0,1912,1,8,1
62500,2128,1040,1088,1040,0,0,1922,2,11,0
149000,1930,720,1146,784,1,316,1927,2,8,1
103000,1208,780,848,0,2,539,1925,1,5,1
123000,1427,483,741,686,1,379,1915,1,7,1
97500,1864,1020,978,886,0,0,1902,2,9,0
135000,1666,1204,1204,462,1,384,1927,1,4,1
70000,892,858,892,0,0,0,1923,1,5,1
116000,1403,698,754,649,1,308,1915,1,7,1
88750,704,560,704,0,1,220,1946,1,4,1
179000,1200,1200,1200,0,0,0,1987,3,5,1
179000,1200,1200,1200,0,0,0,1987,3,5,1
159900,1152,1152,1152,0,1,252,1978,2,6,1
61000,904,683,904,0,0,0,1922,0,4,0
103600,1369,672,697,672,1,300,1925,2,6,0
63000,1112,585,687,425,1,226,1934,2,6,0
175000,1464,520,1464,0,2,480,1963,2,6,1
139000,1121,1121,1121,0,2,480,1963,1,5,1
172500,1683,918,918,765,2,440,1978,2,7,1
113500,1052,1052,1052,0,1,668,1967,1,6,1
130000,899,864,899,0,1,288,1967,1,5,1
149900,1034,456,1034,0,2,504,1978,1,5,1
134900,858,858,858,0,2,576,1982,1,5,1
137000,860,840,860,0,2,528,1982,1,4,1
139000,1092,1092,1092,0,1,288,1962,1,6,1
165000,1774,552,904,611,1,384,1961,2,8,1
148000,1138,1138,1138,0,2,480,1960,1,6,1
165000,2071,825,2071,0,1,336,1956,1,9,1
63900,660,0,660,0,0,0,1947,1,5,0
161500,1788,1104,1104,684,1,304,1957,1,8,1
143000,1473,1437,1473,0,1,452,1968,1,5,1
135000,1229,1134,1229,0,1,284,1956,1,6,1
82500,861,861,861,0,2,539,1940,1,4,1
190000,1867,1617,1867,0,1,303,1955,1,7,1
139600,1733,0,1733,0,2,452,1955,2,8,1
122000,1383,0,1383,0,2,498,1954,1,6,1
127500,1689,1436,1689,0,2,480,1956,1,7,1
121500,1073,1073,1073,0,1,340,1956,1,5,1
60000,1276,1276,1276,0,1,350,1958,1,5,1
154400,1639,747,892,747,1,240,1946,1,6,1
113000,672,672,672,0,1,234,1941,1,4,1
125000,1089,1089,1089,0,1,252,1954,1,5,1
84000,845,0,845,0,1,290,1957,1,5,0
139500,1049,1049,1049,0,1,266,1984,2,5,1
131000,1716,768,1148,568,1,281,1949,1,8,1
105000,1258,560,698,560,1,280,1939,1,6,1
108000,1510,755,755,755,1,296,1940,1,7,1
162000,1061,1054,1061,0,2,462,1990,1,4,1
156500,1338,520,1338,0,2,576,1983,1,5,1
316600,2132,1496,1496,636,2,612,1983,1,5,1
271900,2196,2158,2196,0,3,701,1990,2,7,1
213000,1775,740,1006,769,2,425,1993,2,7,1
239900,1879,1079,1079,800,2,473,1993,2,8,1
239500,2020,1128,1142,878,2,466,1995,2,8,1
131000,2016,0,1288,728,2,576,1880,1,7,1
118964,1535,0,1535,0,2,410,1979,2,8,1
153337,1224,1086,1224,0,2,528,1979,0,6,1
147983,2228,0,1114,1114,2,720,1979,2,8,1
118858,1535,0,1535,0,2,400,1979,2,8,1
118858,1535,0,1535,0,2,400,1979,2,8,1
142953,2240,0,1120,1120,2,528,1979,2,12,1
148325,1229,1094,1229,0,2,672,1979,0,6,1
113722,1513,0,1513,0,2,400,1979,2,8,1
269500,2787,1168,1168,1619,4,820,2000,4,8,1
269500,2787,1168,1168,1619,4,820,2000,4,8,1
269500,2787,1168,1168,1619,4,820,2000,4,8,1
323262,1680,1555,1680,0,3,1138,2009,1,8,1
297000,1718,1705,1718,0,3,826,2007,2,7,1
295493,1630,1622,1630,0,3,860,2008,2,8,1
332000,1720,1720,1720,0,3,846,2008,2,8,1
239900,1468,1468,1468,0,3,904,2008,2,6,1
212000,1768,866,866,902,2,578,2007,2,7,1
272500,1838,1838,1838,0,2,524,2007,2,7,1
239000,1800,1800,1800,0,2,702,2007,2,7,1
220000,1604,1604,1604,0,2,660,2006,2,8,1
200000,1290,1282,1290,0,2,662,2007,2,6,1
221800,1254,1254,1254,0,3,810,2008,2,5,1
194500,1232,1232,1232,0,2,632,2007,2,6,1
237000,1498,1498,1498,0,3,844,2005,2,7,1
173000,1422,704,704,718,2,440,2005,2,7,1
275000,1644,1518,1644,0,2,569,1989,2,5,1
233500,1759,1449,944,815,2,525,1992,2,7,1
185000,2126,1013,1160,966,2,538,1967,2,7,1
152000,1040,1040,1040,0,2,576,1996,1,6,1
143000,990,990,990,0,1,440,1994,1,5,1
231500,1764,928,928,836,2,470,1997,2,7,1
212000,1661,799,827,834,2,550,1996,2,6,1
207000,1463,1463,1463,0,2,539,1998,2,5,1
145000,1097,1097,1097,0,2,672,1994,1,6,1
138000,990,990,990,0,2,480,1994,1,5,1
197900,1779,866,866,913,2,546,1998,2,6,1
204000,1501,1490,1501,0,2,577,1999,2,6,1
192000,1431,1431,1431,0,2,666,1999,2,6,1
200000,1772,928,928,844,2,492,1998,2,7,1
195000,1660,831,831,829,2,493,2002,2,7,1
227000,1573,1573,1573,0,2,544,2002,2,6,1
230000,1840,944,944,896,2,622,2001,2,6,1
187100,1430,1413,1430,0,2,605,2001,2,6,1
203000,1444,1431,1444,0,2,577,2002,2,6,1
201000,1492,1492,1492,0,2,608,2001,2,6,1
124000,1040,1040,1040,0,0,0,1978,2,5,1
140000,907,907,907,0,1,343,1978,1,5,1
134900,914,914,914,0,2,444,1979,1,5,1
150500,1040,1040,1040,0,2,484,1977,2,5,1
136500,864,864,864,0,1,336,1978,1,6,1
143500,1268,1268,1268,0,1,252,1977,1,5,1
133500,864,864,864,0,1,338,1972,1,5,1
123000,894,894,894,0,2,600,1972,1,6,1
133900,768,768,768,0,1,396,1972,1,5,1
133000,768,768,768,0,2,396,1972,1,5,1
250000,1611,1569,1611,0,3,1231,2002,2,6,1
254750,2184,1068,1068,1116,2,570,2003,2,8,1
236500,1788,1753,1788,0,2,522,2001,2,7,1
261500,1872,1299,1299,573,2,531,2001,2,7,1
313000,2153,1440,1476,677,3,736,2000,2,8,1
198500,1725,840,840,885,2,550,2002,2,6,1
211000,1870,944,944,926,2,608,2001,2,6,1
220000,1513,1462,1513,0,2,521,1999,2,5,1
203000,1504,1504,1504,0,2,478,1996,2,6,1
279500,1828,1822,1828,0,2,523,2002,2,7,1
210000,1417,1417,1417,0,2,511,1997,2,7,1
219500,2034,1057,1057,977,2,645,1997,2,8,1
191000,1716,880,909,807,2,512,1996,2,7,1
178000,1212,1212,1212,0,2,573,2001,2,6,1
213000,1630,1630,1630,0,2,451,2000,2,6,1
144000,848,848,848,0,2,420,2003,1,4,1
140000,848,848,848,0,2,420,2003,1,4,1
293200,1602,1578,1602,0,3,810,2007,2,7,1
190000,1728,864,864,864,2,572,2004,2,7,1
190000,1500,1500,1500,0,2,570,2004,2,6,1
173500,1476,738,738,738,2,540,2005,2,7,1
170000,1396,608,608,788,2,440,2007,2,6,1
108000,1126,0,1126,0,2,520,1949,2,5,1
167000,1486,1486,1486,0,2,480,1964,1,7,1
100000,816,816,816,0,1,288,1938,1,3,1
198500,1922,0,495,1427,2,672,2003,3,7,1
159500,1426,690,698,728,2,440,1977,1,6,1
127000,1149,1014,1149,0,1,544,1960,1,7,1
125000,1125,1041,1125,0,1,352,1976,1,6,1
320000,1698,1698,1698,0,3,768,2007,2,8,1
145500,1072,547,1072,0,2,525,2005,1,5,1
118000,698,698,698,0,0,0,1947,1,4,1
85000,876,876,876,0,1,320,1959,1,5,1
120000,1368,1078,1368,0,1,195,1950,1,6,1
98000,1529,0,1088,441,1,240,1945,2,9,0
99900,864,864,864,0,0,0,1922,1,4,1
82000,944,0,944,0,2,528,1952,1,4,0
119900,1678,1678,1678,0,0,0,1959,2,10,1
103500,1560,1150,1560,0,1,313,1956,1,7,1
112000,960,672,960,0,1,288,1956,1,5,1
110000,1196,684,684,512,2,528,1920,1,7,1
122000,1298,720,854,444,1,256,1941,1,6,1
117000,1604,984,984,620,2,660,1941,2,6,1
160000,1268,832,832,436,1,250,1938,1,7,1
159434,1520,793,848,672,1,281,1932,1,6,1
60000,438,290,438,0,1,246,1920,1,3,0
139500,1489,778,944,545,1,240,1940,2,7,1
197000,3082,824,1687,998,2,672,1920,2,12,1
105000,1242,583,647,595,1,180,1935,1,6,1
135000,1981,1122,1328,653,2,576,1928,2,7,1
147500,1232,816,1232,0,2,440,1916,1,6,1
137450,1608,976,1160,448,1,216,1925,2,7,1
155000,1135,560,575,560,2,576,1936,1,6,1
177000,1913,896,1172,741,2,342,1928,1,9,1
145000,1477,861,877,600,1,216,1928,2,6,1
137000,1228,600,628,600,1,215,1918,1,6,1
234000,2080,1276,1276,804,1,282,1926,1,9,1
205000,1567,840,840,727,2,440,1940,1,6,1
177500,1494,771,753,741,1,213,1942,1,7,1
160000,1308,728,976,332,1,256,1940,1,7,1
155000,1273,1273,1273,0,1,307,1960,1,5,1
163500,964,876,964,0,2,432,1921,1,5,1
154900,1343,731,820,523,1,186,1921,1,7,1
205000,2480,920,1240,1240,2,400,1940,2,13,1
144800,1112,1112,1112,0,1,390,1954,1,6,1
174500,1564,704,860,704,1,234,1941,1,7,1
193000,1561,1561,1561,0,2,463,1960,2,6,1
158000,1523,1067,986,537,1,295,1949,2,7,0
158500,1152,1092,1152,0,1,300,1950,1,6,1
224000,1906,1310,1906,0,2,576,1954,1,6,1
115000,1032,516,516,516,2,452,1980,1,5,1
137000,1229,561,561,668,2,462,1980,1,5,1
121000,1229,561,561,668,2,462,1980,1,5,1
124000,1229,561,561,668,2,462,1980,1,5,1
208000,1982,572,1182,800,2,501,1986,2,6,1
315000,2365,1803,2365,0,2,551,1971,2,7,1
222000,1680,880,1680,0,2,540,1988,2,5,1
147000,1344,672,672,672,1,468,1920,1,6,1
123000,2168,760,928,928,2,576,1900,2,11,0
78000,1192,596,596,596,1,189,1920,1,6,0
85000,1526,1013,1013,0,0,0,1915,1,6,0
75000,572,572,572,0,1,200,1925,1,4,0
230000,1648,1596,1648,0,2,482,2007,2,5,1
57625,810,0,810,0,1,280,1910,1,4,0
251000,2052,1107,1040,1012,3,642,2000,2,7,1
239686,2149,1434,1518,631,2,670,2003,1,6,1
240000,1710,1710,1710,0,2,550,2004,2,7,1
215000,1961,804,804,1157,2,560,2001,2,7,1
156450,926,902,926,0,1,351,1977,1,5,1
173000,1287,957,1287,0,2,541,1977,1,5,1
126000,1734,0,1302,432,2,539,1977,2,8,1
173000,1217,1188,1217,0,2,497,1990,2,6,1
152000,1595,1582,1595,0,2,672,1991,2,5,1
137500,1344,819,1344,0,2,525,1958,1,7,1
375000,2036,2136,2036,0,2,513,1965,2,8,1
315500,1620,1620,1620,0,3,912,2007,2,6,1
224500,1692,846,846,846,2,650,2009,2,6,1
410000,2036,2190,2036,0,3,780,2008,2,9,1
316500,1641,1641,1641,0,3,885,2008,2,7,1
201000,1466,1466,1466,0,3,610,2007,2,7,1
175000,1412,1392,1412,0,2,576,1988,2,6,1
204000,2237,712,1375,862,2,440,1980,2,7,1
213500,1479,1645,1479,0,2,578,1987,2,7,1
220000,1296,1267,1296,0,2,471,2001,2,6,1
170000,2014,912,1072,942,2,486,2003,2,9,1
315000,1838,1838,1838,0,3,765,2006,2,8,1
425000,1978,1978,1978,0,3,920,2007,2,7,1
139500,1008,1008,1008,0,1,384,1968,1,6,1
115000,1771,0,1771,0,2,336,1960,1,9,1
162000,1204,1204,1204,0,2,412,1998,2,5,1
165000,1224,1224,1224,0,2,402,1999,2,5,1
91000,988,462,526,462,1,297,1973,1,5,1
130000,874,864,874,0,1,288,1968,1,5,1
86000,630,630,630,0,1,286,1970,1,3,1
160000,1404,1188,1404,0,2,504,1969,2,7,1
80000,630,630,630,0,1,286,1970,1,3,1
97000,1344,546,798,546,0,0,1970,1,6,1
88000,1092,546,546,546,1,286,1970,1,6,1
131900,796,796,796,0,1,336,1972,1,4,1
131250,1091,384,1091,0,1,429,1993,1,5,1
165500,1110,1097,1110,0,2,602,1978,1,4,1
112000,833,833,833,0,0,0,1985,1,5,1
149000,883,828,883,0,2,698,1992,1,5,1
143000,1362,796,796,566,2,480,1993,1,5,1
130000,1287,624,624,663,2,440,1992,1,6,1
196000,1567,1567,1567,0,2,714,1977,2,5,1
173000,1632,784,784,848,2,898,1969,1,7,1
176500,1414,1184,1414,0,2,601,1958,1,6,1
237500,2117,1205,2117,0,2,550,1970,2,7,1
206900,2112,952,1092,1020,2,576,1969,2,9,1
187500,1604,926,926,678,2,470,1997,2,7,1
165000,1470,680,680,790,2,420,1995,2,7,1
195500,1604,926,926,678,2,472,1998,2,7,1
192000,1638,943,943,695,2,472,1998,2,7,1
173000,1636,916,916,720,2,386,1996,2,7,1
177900,1384,1348,1384,0,2,404,1996,2,7,1
175000,1446,729,729,717,2,406,1996,2,6,1
286000,1593,1593,1593,0,2,682,2001,1,5,1
247900,1682,1664,1682,0,2,528,1997,1,6,1
180000,1337,1337,1337,0,2,462,1993,2,5,1
180000,1280,1280,1280,0,2,506,1992,2,5,1
181000,1604,926,926,678,2,470,1997,2,7,1
183000,1633,932,932,701,2,460,1998,2,7,1
188000,1658,773,773,885,2,431,1995,2,8,1
194500,1895,712,1086,809,2,409,1994,2,7,1
185000,1709,836,851,858,2,416,1991,2,7,1
189000,1228,1228,1228,0,2,472,1988,2,5,1
188500,1337,1337,1337,0,2,462,1989,2,5,1
355000,2500,1168,1168,1332,3,683,2005,3,9,1
325000,2504,1122,1134,1370,3,656,2005,2,11,1
387000,1884,1884,1884,0,3,670,2004,2,7,1
115000,1474,1632,1474,0,2,495,1952,1,7,1
334000,1710,1710,1710,0,2,557,2007,2,6,1
133000,1488,1488,1488,0,2,738,1950,2,6,1
215000,2093,791,1236,857,2,542,1986,2,7,1
226500,1688,1675,1688,0,2,528,1988,2,6,1
175500,1422,1422,1422,0,2,576,1981,2,7,1
181900,1260,1260,1260,0,2,598,1983,2,6,1
235000,2064,2048,2064,0,2,550,1978,2,7,1
220000,1782,1782,1782,0,2,551,1979,2,6,1
272000,2872,1330,1542,1330,2,619,1977,2,11,1
161000,1211,1211,1211,0,2,461,1976,2,6,1
175000,1126,1126,1126,0,2,540,1977,2,6,1
185000,2044,738,1277,767,2,489,1980,2,7,1
146900,1308,720,720,588,2,484,1969,1,7,1
292500,2840,1420,1420,1420,4,1314,1978,2,8,1
180000,1523,1193,1523,0,2,478,1976,2,7,1
159900,1444,1444,1444,0,2,473,1976,2,5,1
205000,1964,803,1098,866,2,483,1976,2,8,1
157000,1178,1176,1178,0,2,439,1973,1,5,1
306000,2340,1236,1236,1104,3,787,1996,2,9,1
133000,1792,896,896,896,2,480,1974,2,8,1
151000,1054,1054,1054,0,2,460,1969,1,6,1
111900,936,936,936,0,1,288,1969,1,4,1
123000,864,864,864,0,2,576,1971,1,5,1
111250,864,864,864,0,2,576,1972,1,5,1
181000,1337,1405,1337,0,2,511,1998,2,5,1
103400,987,483,483,504,1,264,1973,1,5,1
100000,987,483,483,504,1,264,1973,1,5,1
100500,987,483,483,504,1,352,1972,1,5,1
106000,987,483,483,504,1,280,1970,1,5,1
85400,987,483,483,504,1,264,1971,1,4,1
89500,987,483,483,504,1,264,1971,1,5,1
111750,1302,630,630,672,1,264,1972,2,6,1
140000,1069,1069,1069,0,2,440,1977,2,4,1
143000,1456,855,855,601,2,460,1975,2,7,1
148500,1055,1055,1055,0,2,440,1977,2,4,1
110000,892,864,892,0,1,264,1966,1,5,1
394617,1932,1932,1932,0,3,774,2008,2,7,1
426000,2332,1682,1742,590,3,846,2007,2,9,1
385000,2084,2078,2084,0,3,1220,2007,2,7,1
446261,2713,1452,1476,1237,3,858,2008,2,11,1
317500,1582,1582,1582,0,3,905,2007,2,7,1
372402,1710,1710,1710,0,3,866,2007,2,6,1
417500,2464,2418,2464,0,3,650,2007,2,9,1
383000,1950,1950,1950,0,3,706,2007,2,7,1
390000,2748,1850,1850,898,3,850,2006,2,9,1
460000,2790,1620,1632,1158,4,1150,2005,2,10,1
379000,2331,1414,1414,917,3,1003,2005,2,9,1
250000,2088,948,948,1140,3,656,2007,2,10,1
316000,2332,1148,1170,1162,3,756,2004,2,9,1
615000,2470,2535,2470,0,3,789,2003,1,7,1
412500,2668,1572,1572,1096,3,726,2003,2,10,1
284000,2046,998,1006,1040,3,871,2003,2,8,1
284000,1575,1603,1575,0,3,732,2003,2,7,1
421250,2649,1479,1515,1134,3,746,2001,2,10,1
370000,2690,1765,1804,886,3,795,2003,2,9,1
336860,1866,1858,1866,0,3,870,2008,2,7,1
367294,1702,1702,1702,0,3,1052,2008,1,7,1
192000,1367,1367,1367,0,2,484,2005,2,6,1
274000,1518,1518,1518,0,2,588,2003,1,6,1
266000,1684,1684,1684,0,2,564,2005,2,6,1
370967,1800,1800,1800,0,3,944,2007,2,6,1
234250,1342,1342,1342,0,2,550,2006,2,6,1
219500,1342,1342,1342,0,2,550,2006,2,6,1
155000,1626,764,764,862,2,474,2003,2,6,1
154000,1626,764,764,862,2,474,2003,2,6,1
207000,1358,1358,1358,0,2,484,2004,2,6,1
195000,1455,1415,1455,0,3,644,2003,2,6,1
219990,1576,1393,1576,0,3,668,2004,2,7,1
191000,1504,1346,1504,0,2,437,2005,2,7,1
159895,1266,1266,1266,0,2,388,2007,2,6,1
187687,1246,1146,1246,0,2,428,2007,2,5,1
179000,1515,789,813,702,2,393,2004,2,8,1
193000,1593,839,864,729,2,398,2004,2,8,1
190000,1166,856,1166,0,2,400,2005,2,5,1
176000,1456,728,728,728,2,400,2005,2,8,1
188000,1720,840,840,880,2,400,2002,2,7,1
213000,1986,847,847,1139,2,434,2003,2,9,1
217300,1358,1350,1358,0,2,484,2007,2,6,1
186500,1792,936,962,830,2,451,2000,2,8,1
226750,1892,982,1008,884,2,431,2000,2,8,1
184000,1490,788,788,702,2,388,2004,2,8,1
176000,1414,707,707,707,2,403,2002,2,6,1
225000,2322,1037,1037,1285,2,400,1999,2,8,1
185900,1651,831,873,778,2,450,1999,2,7,1
284500,2199,1173,1182,1017,2,516,1997,2,9,1
315000,2630,1470,1470,1160,3,696,1998,2,8,1
250000,2198,1145,1145,1053,3,836,2000,2,9,1
291000,2172,1519,1533,639,3,687,2000,2,8,1
350000,2006,1982,2006,0,3,938,1998,2,5,1
279500,2125,1064,1064,1061,2,576,1996,2,12,1
290000,2501,1242,1251,1250,3,751,1995,2,9,1
350000,2113,2109,2113,0,3,839,1995,2,7,1
341000,2418,1311,1325,1093,3,983,1993,2,9,1
287500,2197,1080,1108,1089,3,783,1993,2,9,1
271000,2127,1223,1223,904,2,525,1994,2,5,1
301500,1987,1986,1987,0,2,691,1994,2,7,1
235128,1580,1580,1580,0,3,830,2007,2,7,1
214000,1933,894,894,1039,3,668,2007,2,9,1
232000,1574,1574,1574,0,3,824,2006,2,7,1
240000,1578,1578,1578,0,3,642,2006,2,7,1
264132,1506,1498,1506,0,2,592,2008,2,6,1
245000,1563,1563,1563,0,3,758,2007,2,6,1
227680,1428,1417,1428,0,2,554,2008,2,6,1
257000,1861,1341,1341,520,3,851,2007,3,7,1
297900,1874,955,955,919,3,880,2007,2,8,1
247000,1460,1460,1460,0,2,480,2006,2,6,1
212700,1372,1363,1372,0,2,588,2007,2,6,1
250580,1372,1372,1372,0,2,529,2007,2,6,1
182000,1428,1428,1428,0,2,480,2007,2,6,1
226700,1768,866,866,902,2,603,2005,2,7,1
250000,1992,1053,1053,939,2,648,2003,2,9,1
250000,1958,1026,1026,932,3,936,2005,2,9,1
339750,2078,1034,1050,1028,3,836,2007,2,8,1
205950,1665,813,822,843,2,562,2007,2,7,1
256000,1660,1660,1660,0,3,660,2007,2,7,1
230348,1218,1218,1218,0,2,462,2007,2,6,1
207500,1728,864,864,864,2,673,2003,2,7,1
141000,1080,1080,1080,0,0,0,2004,1,6,1
188000,1696,835,835,861,2,542,2003,2,7,1
192500,1663,835,835,828,2,478,2003,2,8,1
146000,1175,1175,1175,0,0,0,2005,1,6,1
159000,1114,1114,1114,0,2,576,2004,1,6,1
155000,1114,1114,1114,0,2,576,2003,1,6,1
173000,1640,798,798,842,2,520,2004,2,6,1
170000,1162,1162,1162,0,2,483,2007,2,6,1
182000,1609,754,754,855,2,525,1995,2,6,1
163000,1680,886,886,794,2,474,1993,2,7,1
193500,1679,1408,1679,0,2,575,1994,2,7,1
189000,1657,832,832,825,2,483,1994,2,6,1
190500,1677,827,827,850,2,627,2001,2,7,1
175000,1737,836,844,893,2,506,1992,2,7,1
179200,1294,1278,1294,0,2,496,1991,2,6,1
187000,1710,832,832,878,2,506,1993,2,7,1
193000,1617,1604,1617,0,2,533,1993,2,5,1
153900,1199,1199,1199,0,2,530,1993,2,5,1
128000,984,984,984,0,1,384,1963,1,5,1
144000,912,912,912,0,1,352,1962,1,4,1
135000,864,864,864,0,1,420,1961,1,5,1
115000,890,890,890,0,1,308,1968,1,5,0
119916,864,864,864,0,1,276,1963,1,5,1
142000,912,912,912,0,1,288,1961,1,5,1
192000,1430,1430,1430,0,2,484,1974,2,6,1
140000,1641,1001,1001,640,2,490,1972,2,5,1
290000,2683,930,1364,1319,2,473,1990,2,9,1
372500,2786,1848,1827,959,2,636,1993,2,10,1
196000,1391,1391,1391,0,2,530,2004,2,5,1
171900,1250,625,625,625,2,625,2006,2,5,1
178000,1245,1235,1245,0,2,495,2004,2,5,1
165000,1200,600,600,600,2,480,2005,2,5,1
146000,1392,689,703,689,2,540,2007,2,5,1
146000,1392,689,703,689,2,540,2007,2,5,1
179400,1501,744,757,744,2,440,1999,2,6,1
172900,1549,744,757,792,2,440,1999,2,6,1
300000,1638,1614,1638,0,2,495,2000,2,5,1
285000,1310,1310,1310,0,2,545,2001,1,5,1
290000,1419,1419,1419,0,2,588,2001,1,5,1
305000,1557,1557,1557,0,2,484,1999,2,5,1
328900,1709,1698,1709,0,2,506,1999,2,5,1
160000,1252,600,624,628,2,462,1999,2,4,1
170000,1404,672,684,720,2,462,1999,2,5,1
223000,1789,858,872,917,2,546,2001,2,7,1
170000,1586,960,962,624,2,480,1999,2,7,1
200000,1607,960,962,645,2,480,1999,2,7,1
345000,2393,970,1469,924,2,846,1998,2,7,1
245500,1288,1260,1288,0,2,500,1996,1,4,1
217500,1239,1230,1239,0,2,477,1995,1,4,1
324000,1719,1719,1719,0,2,473,1993,1,6,1
162500,1232,1232,1232,0,2,516,1984,2,6,1
150000,2944,994,1599,1345,3,864,1977,2,9,1
290000,1671,1426,1671,0,2,550,1976,3,6,1
205000,1812,952,952,860,2,469,2002,2,7,1
174000,1682,1304,1682,0,2,530,1970,2,7,1
183000,1427,1427,1427,0,2,516,1969,2,7,1
150000,1740,1740,1740,0,2,512,1968,1,8,1
145000,1258,1258,1258,0,2,528,1971,2,5,1
215000,1620,1620,1620,0,2,578,1967,2,8,1
140500,1625,1625,1625,0,2,484,1965,2,8,1
240000,2614,1522,1548,1066,2,624,1974,2,9,1
141000,1464,732,732,732,2,470,1968,1,7,1
147000,912,912,912,0,2,576,1965,1,5,1
135000,925,912,925,0,2,576,1965,1,5,1
145000,1728,1728,1728,0,2,576,1965,2,10,1
142600,1728,1728,1728,0,2,576,1965,2,10,1
135000,1656,1656,1656,0,2,506,1973,2,8,1
170000,1670,825,845,825,2,464,1971,1,7,1
299800,2715,1142,1175,1540,2,831,1976,3,11,1
185000,1876,901,943,933,2,540,1974,2,8,1
173000,1632,800,800,832,2,484,1966,1,7,1
178400,999,944,999,0,2,588,1961,1,6,1
176000,1978,832,1098,880,2,486,1968,2,9,1
98000,1014,0,1014,0,1,267,1956,1,6,1
109008,907,907,907,0,1,352,1957,1,5,1
135750,952,952,952,0,1,283,1956,1,4,1
155000,1128,1120,1128,0,2,525,1963,2,6,1
180500,1425,1425,1425,0,2,576,1964,2,7,1
174900,1165,1127,1165,0,2,490,1966,1,6,1
140000,1136,1136,1136,0,1,384,1965,1,5,1
145000,1092,1092,1092,0,2,504,1964,1,6,1
179900,1265,1219,1265,0,2,502,1965,2,6,1
168500,1350,1248,1350,0,2,520,1964,1,6,1
140000,1114,1114,1114,0,2,451,1961,1,5,1
145500,1053,1053,1053,0,1,312,1959,1,5,1
142000,1252,1252,1252,0,2,528,1959,1,7,1
141000,1100,1100,1100,0,1,312,1960,1,6,1
153000,1118,1118,1118,0,1,264,1960,1,6,1
72500,720,0,720,0,1,287,1949,1,4,0
52000,729,270,729,0,0,0,1935,1,5,1
118000,1077,991,1077,0,1,205,1939,1,5,1
87000,906,348,453,453,1,231,1937,1,5,1
141500,1496,1296,1496,0,2,450,1960,2,6,1
119000,1252,1032,1032,220,1,288,1950,1,6,1
141500,1337,572,1337,0,1,264,1950,1,7,1
165500,1661,992,1661,0,1,377,1955,1,8,1
112900,1036,1036,1036,0,1,312,1953,1,5,1
201800,1820,864,902,918,2,492,1965,1,8,1
163000,1362,1362,1362,0,2,504,1961,1,6,1
139950,1144,1144,1144,0,2,456,1961,1,6,1
174000,1537,1319,1537,0,2,462,1962,1,7,1
165000,1431,1099,1431,0,1,296,1962,1,6,1
227000,1988,1104,1104,884,2,480,1966,2,9,1
135000,1098,1098,1098,0,1,260,1955,1,6,1
124000,1144,1144,1144,0,1,336,1963,1,6,1
140000,1283,931,1283,0,2,506,1962,1,6,1
136500,1176,1176,1176,0,1,292,1957,1,6,1
185000,1440,1248,1440,0,1,480,1959,2,7,1
163000,1261,1261,1261,0,2,433,1958,1,6,1
166800,1570,1395,1570,0,2,441,1958,1,5,1
139000,1196,1196,1196,0,1,297,1956,1,6,1
166000,1392,1392,1392,0,2,458,1957,1,6,1
136000,1080,1080,1080,0,1,288,1958,1,5,1
133000,1104,1104,1104,0,1,384,1956,1,5,1
116000,882,720,882,0,1,240,1952,1,4,1
137500,1152,1152,1152,0,2,636,1953,1,6,1
130000,950,984,950,0,2,400,1953,1,5,0
180000,1790,998,1790,0,2,540,1957,2,6,1
139000,952,952,952,0,2,840,1951,1,4,1
110000,773,773,773,0,1,240,1953,1,4,1
100000,1764,0,1764,0,1,301,1957,2,7,1
118500,1216,832,832,384,1,336,1947,1,6,1
146000,1824,1824,1824,0,2,484,1957,2,9,1
89900,869,0,869,0,1,390,1948,1,3,0
114000,1159,747,747,412,1,288,1925,1,5,1
140000,1558,913,1048,510,1,288,1945,1,6,1
86900,672,672,672,0,1,308,1940,1,4,1
139000,1436,892,1254,182,4,1488,1922,1,7,1
106250,1294,0,694,600,0,0,1900,2,7,0
171000,1716,858,858,858,2,490,1962,1,8,1
139000,1044,912,1044,0,2,372,1968,1,5,1
186000,1312,1312,1312,0,2,495,1958,1,6,1
157000,1253,1253,1253,0,1,352,1960,1,5,1
148000,1081,1081,1081,0,1,401,1960,1,5,1
242000,2069,585,2069,0,2,505,1960,2,9,1
116000,910,105,910,0,2,414,1953,1,5,1
94000,876,876,876,0,2,576,1951,1,5,1
98300,1048,0,1048,0,2,420,1950,1,7,1
127000,1507,1075,1507,0,1,404,1960,2,7,1
159000,1256,1256,1256,0,1,311,1959,1,6,1
125900,1027,1027,1027,0,1,299,1962,1,6,1
155000,1269,1269,1269,0,1,308,1960,1,6,1
138000,1320,768,819,501,2,576,1948,2,5,1
112500,984,936,984,0,1,280,1954,1,4,1
105500,832,832,832,0,2,528,1954,1,4,1
127500,1278,854,854,424,1,240,1954,1,6,1
130000,1800,1800,1800,0,0,0,1961,2,10,0
150000,1588,768,1024,564,2,480,1955,1,6,1
109500,825,825,825,0,1,350,1954,1,4,1
140000,1796,780,983,813,2,483,1963,1,8,1
167900,1611,780,798,813,2,442,1964,1,7,1
136870,1117,1117,1117,0,1,264,1963,1,6,1
143000,1133,192,1133,0,1,308,2008,1,7,0
73000,764,680,764,0,2,504,1925,1,4,0
157500,1539,650,958,581,2,686,1904,2,8,1
122600,1323,780,948,375,2,400,1948,1,6,1
111000,1360,680,680,680,1,330,1910,1,6,0
256000,2792,1510,1584,1208,2,520,1920,2,8,1
64000,672,672,672,0,1,256,1940,1,4,1
139500,1456,728,728,728,1,308,1915,1,7,1
118000,1594,828,828,658,0,0,1910,2,9,1
200000,2082,1362,1362,720,2,484,2003,2,6,1
119164,1656,801,1095,561,2,440,1940,2,8,1
122250,1740,936,960,780,1,225,1920,1,6,0
120000,1027,931,1027,0,0,0,1920,1,5,1
155000,1436,884,884,552,2,828,1940,2,8,1
78000,899,481,899,0,1,200,1910,1,5,0
95000,1080,684,684,396,0,0,1890,1,5,1
115000,789,789,789,0,1,250,1948,1,5,1
147000,1122,924,1122,0,2,528,1948,1,6,1
140000,1499,904,904,595,3,869,1946,1,5,1
46500,407,407,407,0,1,297,1946,1,3,0
112500,928,928,928,0,1,288,1957,1,5,1
107900,901,901,901,0,1,281,1954,1,4,1
65000,1588,448,1588,0,0,0,1949,2,6,1
295000,3493,1470,1675,1818,3,870,1880,3,10,1
139500,1627,797,830,797,2,420,1900,2,10,0
153900,1416,876,876,540,3,720,1915,1,7,1
132000,1450,624,730,720,1,288,1920,1,7,1
98000,1344,624,624,720,3,513,1916,1,7,0
114000,1017,346,709,308,1,308,1900,1,5,1
130000,2350,973,1377,973,2,393,1920,2,10,1
129500,2058,735,1134,924,2,396,1917,1,8,0
129400,1540,572,884,656,0,0,1905,1,7,1
161000,1378,689,689,689,2,360,1928,2,7,1
163000,1912,482,1221,691,2,672,1905,2,7,0
128000,1484,742,742,742,0,0,1914,2,9,1
122000,2358,684,938,1215,0,0,1872,2,8,0
116900,1111,572,572,539,1,288,1926,1,5,1
325000,2775,1237,1521,1254,2,880,1893,3,9,1
55000,1086,723,723,363,2,400,1920,1,5,0
184000,2495,1313,1313,1182,2,342,1890,2,10,1
110000,984,984,984,0,1,308,1959,1,5,1
131500,1795,1050,1050,745,1,352,1954,2,7,0
97000,882,0,882,0,1,308,1956,1,4,1
115500,1093,869,1093,0,1,308,1958,1,5,1
138000,1143,1008,1143,0,1,288,1928,1,5,1
108000,1668,672,1195,473,1,252,1945,1,8,1
79500,935,742,779,0,1,308,1930,1,4,1
153000,1738,1024,1144,594,1,240,1935,2,6,1
109500,784,784,784,0,0,0,1924,1,5,1
124000,1210,672,832,378,1,240,1941,1,6,1
106900,1290,554,736,554,1,200,1900,1,6,1
164900,1672,981,1014,658,1,240,1940,1,6,1
119000,949,949,949,0,2,370,1924,1,5,1
120000,1158,862,950,208,1,208,1929,1,5,1
157000,1497,825,825,672,1,672,1937,2,5,1
105000,1342,739,874,468,1,240,1939,2,7,1
113000,1013,992,1013,0,1,160,1926,1,6,1
115000,1216,565,565,651,1,355,1920,1,6,1
123000,1136,704,624,512,1,336,1929,1,6,1
81300,808,0,808,0,1,164,1945,1,6,0
162900,1573,1078,1128,445,2,360,1930,2,8,1
150000,2009,989,1245,764,2,400,1939,2,7,1
123500,1902,1100,1226,676,2,576,1923,2,7,1
129900,1774,952,1022,752,2,468,1931,2,8,1
128000,1362,611,751,611,2,502,1920,2,6,1
68500,520,520,520,0,1,240,1927,1,4,0
127000,1285,672,1072,213,1,240,1948,1,6,1
207000,1848,833,1053,795,2,370,1923,1,8,1
184000,1820,1026,1133,687,1,240,1925,2,8,1
162500,1716,810,1170,546,2,672,1915,2,8,1
145000,1505,883,988,517,1,240,1940,1,8,1
130000,838,816,838,0,1,275,1918,1,5,1
160000,1984,1242,1242,742,1,360,1910,2,8,1
161000,1666,588,833,833,1,228,1925,1,7,1
127500,1609,796,825,784,1,228,1910,1,7,1
93850,768,768,768,0,2,440,1930,1,4,1
136000,1536,768,768,768,1,308,1952,1,7,1
141000,1969,1272,1272,0,2,400,1938,2,9,1
120000,1308,880,880,428,2,400,1915,2,6,1
127500,1040,1040,1040,0,2,320,1925,1,5,1
127000,1236,768,788,448,1,384,1925,2,6,1
89500,1406,319,1035,371,0,0,1920,1,6,1
125000,825,825,825,0,2,720,1955,1,4,1
79900,1198,901,1088,110,0,0,1920,1,7,1
85000,759,451,759,0,2,576,1912,1,5,1
82375,1344,536,808,536,0,0,1915,2,8,0
135000,1469,756,756,713,1,216,1906,1,7,1
124000,1054,1046,1054,0,1,240,1947,1,6,0
134000,1211,952,1211,0,1,322,1968,1,5,1
135000,1271,720,720,551,1,312,1948,2,7,1
134432,1588,0,1120,468,2,680,1959,2,7,1
127500,1355,644,808,547,0,0,1940,2,6,1
148000,1075,981,1075,0,2,440,1963,1,6,1
129500,1040,1040,1040,0,1,384,1965,1,5,1
157500,1096,1008,1096,0,2,484,1978,1,6,1
109900,904,876,904,0,1,408,1966,1,6,1
145000,992,992,992,0,1,294,1967,1,6,1
130000,894,894,894,0,2,450,1967,1,5,1
153000,1034,450,1034,0,2,504,1978,1,6,1
120000,1073,1073,1073,0,1,270,1967,1,6,1
152000,1126,1060,1126,0,2,506,1984,1,5,1
108959,1258,1198,1258,0,2,400,1969,0,6,1
95541,1140,1300,1140,0,2,400,1920,1,6,1
80000,1006,1006,1006,0,0,0,1959,1,5,1
149350,1228,1228,1228,0,1,271,1966,1,6,1
144900,960,960,960,0,1,300,1963,1,6,1
185000,1188,988,1188,0,2,621,1956,1,4,1
165000,1383,1383,1383,0,1,354,1954,1,6,1
235000,1252,1602,1252,0,2,564,1960,1,4,1
140000,1601,533,1021,580,1,300,1958,1,6,1
108000,672,672,672,0,1,240,1940,1,4,1
145000,1721,988,1721,0,2,626,1960,2,7,1
152400,1350,576,864,486,3,627,1941,1,6,1
144000,904,864,904,0,3,912,1970,1,5,1
173000,1291,1291,1291,0,2,431,1996,1,6,1
192000,2022,1160,1156,866,2,505,1977,2,8,1
245000,1524,1524,1524,0,2,478,1979,2,7,1
241500,1363,1385,1363,0,2,439,1954,1,5,1
256000,1663,1364,1663,0,2,529,1954,1,6,1
177000,1357,1019,1357,0,1,312,1959,1,5,1
125600,1079,570,617,462,1,249,1948,1,5,1
155000,1094,1094,1094,0,2,495,1953,1,5,1
240000,2358,907,1307,1051,2,360,1908,3,10,1
260000,1518,1580,1518,0,0,0,1940,1,5,1
185000,1674,1163,1163,511,2,396,1918,2,8,1
235000,2108,1127,1236,872,2,540,1935,2,7,1
159900,1509,1509,1509,0,1,322,1956,1,6,1
99600,864,864,864,0,0,0,1975,1,4,0
134500,1269,621,621,648,1,280,1962,1,7,1
119000,1367,861,961,406,1,384,1900,1,7,1
107500,1347,1117,820,527,0,0,1910,1,5,1
125000,1164,1164,1164,0,1,240,1950,1,5,0
79000,1096,572,572,524,0,0,1924,1,5,0
95000,1111,616,616,495,1,200,1941,1,5,0
262280,2329,1475,1532,797,2,514,1990,2,10,1
260000,2814,1077,1093,1721,2,614,1995,2,9,1
226500,1626,1602,1626,0,2,534,1994,2,7,1
225000,2200,812,1101,1099,2,453,1993,2,9,1
229000,2037,672,1302,735,2,472,1996,2,8,1
177439,1356,628,628,728,2,484,2007,2,6,1
248500,1615,1615,1615,0,3,864,2007,2,7,1
475000,2276,2271,2276,0,3,1348,2008,2,7,1
395039,1766,1751,1766,0,3,874,2008,2,8,1
228000,2097,1080,1080,1017,3,678,1993,2,9,1
225000,1511,1401,1511,0,3,811,1995,2,6,1
195000,1643,1182,1643,0,2,438,1966,2,6,1
200000,1688,616,616,1072,2,603,1997,2,8,1
155000,990,990,990,0,2,528,1994,1,5,1
144000,1099,1099,1099,0,1,352,1995,1,6,1
145000,990,990,990,0,2,672,1994,1,5,1
226001,1418,1418,1418,0,2,558,1997,2,5,1
215700,1771,864,872,899,2,600,1997,2,6,1
207500,1652,782,782,870,2,532,2000,2,6,1
193000,1790,873,882,908,2,588,1999,2,7,1
188000,1724,880,880,844,2,527,1998,2,8,1
191000,1479,1468,1479,0,2,577,1999,2,6,1
221000,1494,1494,1494,0,2,530,2002,2,6,1
231500,1792,963,963,829,2,564,2001,2,7,1
235000,1823,928,928,895,2,626,2000,2,6,1
223500,1786,920,920,866,2,608,2001,2,6,1
130250,938,938,938,0,1,308,1975,1,5,1
149900,985,985,985,0,1,328,1977,2,6,1
158000,1174,864,1174,0,2,528,1978,1,5,1
147000,1026,940,1026,0,2,576,1978,1,5,1
143195,1076,1076,1076,0,2,576,1975,1,5,1
163000,1558,864,1558,0,2,440,1975,2,5,1
110000,924,924,924,0,1,280,1975,1,5,1
127000,864,864,864,0,1,352,1972,1,5,1
124900,780,780,780,0,1,352,1972,1,4,1
230000,1795,1777,1795,0,2,534,2002,2,7,1
237000,2031,1128,1128,903,2,577,2002,2,7,1
235000,1865,992,992,873,3,839,2000,2,7,1
230500,2161,1257,1290,871,2,570,2001,2,8,1
230000,1852,1004,1004,848,3,660,1999,2,7,1
222500,2031,1153,1153,878,2,541,1998,2,8,1
287000,2263,1055,1055,1208,2,905,2001,2,7,1
274000,1947,1357,1366,581,3,725,2001,2,7,1
300000,1786,1778,1786,0,3,715,2002,2,6,1
255900,2290,1128,1149,1141,2,779,2002,2,9,1
224900,1768,884,884,884,2,543,2003,2,8,1
240000,2327,1129,1129,1198,2,596,2003,2,9,1
183000,1640,798,798,842,2,595,2003,2,6,1
207000,1764,850,886,878,2,560,1999,2,7,1
210000,1908,915,933,975,2,493,1994,2,8,1
136500,848,848,848,0,2,420,2003,1,3,1
145000,848,848,848,0,2,420,2004,1,3,1
208900,1493,1478,1493,0,2,508,1997,2,7,1
185000,1838,1838,1838,0,3,721,1997,2,8,1
214000,1536,1536,1536,0,2,532,2002,2,7,1
208500,1710,856,856,854,2,548,2003,2,8,1
186500,1445,1445,1445,0,2,470,2004,2,6,1
210000,1436,1436,1436,0,2,484,2004,2,8,1
185900,1582,770,770,812,2,520,2004,2,6,1
179900,1234,1234,1234,0,2,484,2007,2,7,1
218836,1564,1564,1564,0,3,814,2007,2,6,1
193000,1361,1351,1361,0,2,610,2007,2,6,1
189000,1456,728,728,728,2,410,2005,2,7,1
149300,848,848,848,0,2,420,2004,1,3,1
141000,848,848,848,0,2,420,2004,1,3,1
149000,848,848,848,0,2,420,2004,1,3,1
144500,848,848,848,0,2,420,2004,1,4,1
85000,796,796,796,0,0,0,1910,1,4,1
145900,2200,1272,1272,928,0,0,1900,2,9,1
123000,1092,1092,1092,0,1,264,1966,1,6,1
147500,1256,1256,1256,0,1,276,1965,1,6,1
165000,1033,456,1033,0,2,504,1976,1,6,1
135000,1127,1127,1127,0,2,480,1976,1,6,1
108000,996,996,996,0,0,0,1940,1,6,1
137500,1181,1138,1181,0,2,588,1972,2,6,1
165400,1656,746,760,896,2,397,2003,2,7,1
147000,1117,1029,1117,0,2,542,1977,1,6,1
160500,1398,684,684,714,2,440,1976,1,6,1
176000,1132,1132,1132,0,2,451,2005,1,5,1
284700,3820,0,3820,0,2,624,1959,3,11,1
160000,5642,6110,4692,950,2,1418,2008,2,12,1
148000,1072,547,1072,0,2,525,2005,1,5,1
82000,1152,0,1152,0,0,0,1955,2,6,0
82000,1152,0,1152,0,0,0,1955,2,6,0
118000,1440,1440,1440,0,0,0,1955,2,8,0
82500,1152,0,1152,0,0,0,1955,2,6,0
91900,784,784,784,0,0,0,1955,1,4,0
120000,1053,585,585,468,0,0,1938,1,5,1
96000,1137,0,929,208,0,0,1947,1,8,1
99000,930,911,930,0,1,286,1953,1,5,1
130500,1200,768,768,432,1,240,1946,1,6,1
135000,1470,941,997,473,1,548,1954,2,7,1
135500,1393,816,872,521,1,300,1955,1,8,1
100000,1204,416,1204,0,1,312,1954,1,6,1
108000,1292,949,949,343,1,205,1923,1,6,1
98000,864,864,864,0,0,0,1925,1,5,0
67000,864,864,864,0,0,0,1914,1,5,0
135900,1716,780,936,780,0,0,1912,2,9,0
140000,1482,672,810,672,1,400,1925,2,7,0
179500,2192,720,1052,720,1,240,1939,2,8,1
136500,1694,1181,1390,304,2,576,1925,2,7,1
168000,1424,1228,1424,0,1,312,1921,2,7,1
130000,1964,940,1024,940,0,0,1911,1,7,0
189000,2601,612,990,1611,2,621,1921,3,8,1
161900,1920,960,960,960,2,480,1930,2,10,1
145000,1316,644,672,644,1,369,1926,1,6,1
191000,2555,588,1423,748,2,672,1922,2,11,1
177000,1680,840,840,840,1,308,1915,2,8,1
147500,1264,676,676,588,2,400,1914,1,6,1
91000,790,768,790,0,1,160,1930,1,4,0
231000,1512,798,798,714,1,180,1925,2,7,1
115000,1639,1064,1166,0,1,240,1936,1,6,1
138000,1603,784,819,784,2,599,1923,1,7,1
149000,1502,776,851,651,1,270,1931,1,6,1
188700,1660,715,849,811,1,240,1934,1,6,1
198000,1938,942,1265,673,1,240,1937,2,7,1
110000,1374,884,932,442,1,225,1938,1,6,1
104000,1091,1091,1091,0,1,344,1951,1,5,0
257076,1873,608,983,890,2,786,1935,1,9,1
381000,3447,728,1968,1479,3,1014,1935,3,11,1
311500,1954,798,1137,817,2,431,1939,1,8,1
263400,2161,832,1218,943,2,506,1950,2,8,1
236500,1898,1898,1898,0,2,484,1956,2,7,1
224000,1640,1296,1640,0,2,924,1954,1,7,1
116500,1032,516,516,516,2,462,1980,1,5,1
151000,1556,716,716,840,2,452,1980,2,6,1
126000,919,894,919,0,1,195,1926,1,5,1
120000,1090,720,760,330,1,240,1940,1,5,1
55000,796,796,796,0,0,0,1922,1,5,0
120500,816,816,816,0,1,432,1930,1,5,1
120500,778,740,778,0,1,924,1940,1,4,1
119000,1200,780,780,420,0,0,1930,1,7,1
126000,1656,624,1092,564,1,288,1967,1,7,1
99500,912,520,912,0,1,360,1930,1,5,1
165500,1955,1151,1151,804,1,356,1958,2,7,1
13100,733,0,733,0,2,487,1952,1,4,0
89000,1361,173,825,536,1,185,1895,1,6,0
40000,1317,649,649,668,1,250,1920,1,6,0
80900,1049,356,671,378,1,195,1910,1,5,0
81000,894,894,894,0,3,1248,1935,1,6,1
65000,864,592,432,432,1,216,1920,1,5,1
392500,1652,1600,1652,0,2,482,2008,2,5,1
294464,1648,1596,1648,0,2,525,2007,2,5,1
250000,1646,1594,1646,0,2,482,2004,2,5,1
275000,1646,1594,1646,0,2,482,2004,2,5,1
300000,2032,1840,2032,0,3,786,1996,3,7,1
271000,1689,1568,1689,0,3,857,2002,2,7,1
213000,1820,910,910,910,3,816,1996,2,8,1
171000,1118,1096,1118,0,1,358,1977,1,6,1
171500,1279,1196,1279,0,2,473,1977,2,6,1
100000,1872,0,936,936,2,484,1976,2,8,1
228500,1689,1680,1689,0,2,432,1991,2,6,1
228950,1786,1499,1619,167,2,529,1965,2,7,1
241500,1501,1277,1501,0,2,512,1986,2,6,1
287000,2898,1565,2898,0,2,665,1976,2,10,1
294000,1537,1518,1537,0,3,788,2006,2,8,1
293077,1646,1638,1646,0,3,800,2007,2,7,1
264966,1780,920,920,860,2,612,2007,2,6,1
172500,1442,352,712,730,2,400,2006,2,6,1
167500,1394,384,754,640,2,400,2006,2,7,1
218689,1612,796,796,816,3,666,2008,2,6,1
150000,1495,1495,1495,0,2,438,1989,2,8,1
184000,1651,1606,1651,0,2,616,1986,2,7,1
180000,1256,1256,1256,0,2,578,1986,2,6,1
175000,1509,1461,1509,0,2,600,1988,2,5,1
232500,1440,1432,1440,0,2,467,2003,2,7,1
195000,1675,1666,1675,0,2,435,1999,2,6,1
305000,2262,1482,1482,780,3,749,2003,2,10,1
298751,1728,1884,1728,0,2,520,2007,2,7,1
370000,1964,1964,1964,0,3,892,2005,2,7,1
209200,1344,1344,1344,0,4,784,1997,2,8,1
206300,1344,1344,1344,0,4,784,1997,2,8,1
146000,1092,1092,1092,0,0,0,2007,1,5,1
160500,1189,1189,1189,0,2,392,1997,2,4,1
173000,1200,1200,1200,0,3,850,1964,1,6,1
124000,1040,1040,1040,0,2,499,1975,1,6,1
115000,1304,264,616,688,1,336,1976,1,4,1
129500,1475,550,925,550,1,336,1976,2,6,1
105000,988,526,526,462,1,297,1973,1,5,1
94900,988,462,526,462,1,297,1973,1,4,1
152500,1160,1113,1160,0,1,257,1968,1,6,1
98000,1092,546,546,546,0,0,1970,2,6,1
81000,630,630,630,0,0,0,1972,1,3,1
113000,988,988,988,0,2,520,1954,1,4,1
128500,816,816,816,0,1,264,1983,1,4,1
119500,923,876,923,0,1,264,1984,1,5,1
130500,816,816,816,0,1,264,1982,1,5,1
138000,816,816,816,0,2,816,1982,1,4,1
134500,845,845,845,0,1,264,1982,1,6,1
160000,1750,983,983,767,1,423,1940,2,7,1
137500,889,864,889,0,2,484,1984,1,6,1
172000,1968,784,1168,800,2,530,1969,2,7,1
103000,1836,686,1150,686,1,288,1900,2,7,1
167300,1587,1587,1587,0,2,525,1971,2,7,1
167000,1277,1277,1277,0,2,526,1970,1,5,1
244000,2223,2223,2223,0,2,516,1973,2,8,1
268000,2217,2217,2217,0,2,621,1970,2,8,1
225000,1733,847,847,886,2,433,2003,2,7,1
168000,1572,806,806,766,2,373,1995,2,7,1
177000,1470,794,794,676,2,388,1997,2,6,1
169000,1600,916,916,684,2,460,1997,2,7,1
161500,1384,384,754,630,2,390,1997,2,7,1
251000,1652,1494,1652,0,2,499,2000,2,6,1
160000,1694,392,924,770,2,398,1994,2,7,1
180000,1714,923,947,767,2,451,1999,2,7,1
178750,1553,691,691,862,2,420,1996,2,6,1
176000,1253,1237,1253,0,2,402,1995,2,6,1
204000,2299,938,957,1342,2,482,1999,3,7,1
160000,1187,1168,1187,0,2,420,1992,2,6,1
160000,1472,384,802,670,2,402,1991,2,7,1
163900,1482,384,812,670,2,392,1992,2,7,1
168000,1642,903,910,732,2,392,1993,2,7,1
154204,1128,1302,1128,0,2,480,1964,1,6,1
170000,1088,1074,1088,0,2,461,1986,1,5,1
207500,2090,1190,1190,900,2,577,1984,2,6,1
182000,1179,1166,1179,0,2,480,1988,2,5,1
212000,1321,1312,1321,0,2,484,1990,1,4,1
377426,1922,1922,1922,0,3,676,2005,2,8,1
349265,2541,1149,1164,1377,3,729,2005,3,10,1
591587,2338,2660,2338,0,3,1110,2006,2,8,1
155000,1424,1100,1424,0,3,828,1969,1,7,1
319900,1612,1612,1612,0,2,556,2006,2,6,1
392000,1419,1419,1419,0,2,567,2007,2,7,1
441929,2234,2220,2234,0,2,724,2006,1,7,1
455000,2042,1742,2042,0,3,724,2006,2,8,1
182900,1440,1440,1440,0,2,467,1981,2,7,1
174000,1284,1284,1284,0,2,480,1984,2,5,1
178000,1868,585,1140,728,2,477,1984,3,7,1
176000,1479,725,725,754,2,484,1981,2,6,1
213000,1664,1529,1664,0,2,663,1978,2,7,1
192000,1930,780,1085,845,2,481,1979,2,9,1
190000,1969,808,1161,808,2,534,1977,2,8,1
195000,2030,848,1118,912,2,551,1976,2,8,1
148000,1032,1032,1032,0,2,564,1978,2,6,1
151500,1177,1153,1177,0,2,495,1984,2,6,1
197000,1725,539,1040,685,2,550,1979,2,6,1
192350,1353,1259,1353,0,2,478,1979,2,5,1
152000,1620,780,780,840,2,462,1969,2,7,1
170000,1220,1625,1220,0,2,944,1971,2,6,1
175000,1484,1484,1484,0,2,487,1971,2,7,1
175000,1743,702,1041,702,2,539,1968,1,7,1
197900,1935,793,1142,793,2,550,1976,2,7,1
174000,1324,1228,1324,0,2,585,1976,2,5,1
178900,1877,1084,1084,793,2,488,1974,2,8,1
139000,1109,372,576,533,1,288,1971,1,5,1
143250,981,981,981,0,2,576,1971,1,5,1
184000,1479,725,725,754,2,484,1972,1,7,1
155000,1422,925,1422,0,2,576,1970,1,7,1
133000,914,914,914,0,1,368,1970,1,5,1
119500,950,950,950,0,1,280,1971,1,5,1
123000,872,858,872,0,4,480,1971,1,5,1
110000,858,858,858,0,1,684,1971,1,4,1
128000,914,914,914,0,1,270,1961,1,4,1
120500,864,864,864,0,2,528,1971,1,5,1
133000,767,723,767,0,1,367,1998,1,4,1
155000,1337,1337,1337,0,2,511,2001,2,5,1
177000,1337,1405,1337,0,2,522,1997,2,5,1
113500,1092,525,525,567,1,264,1973,1,6,1
113000,1218,672,672,546,1,264,1973,1,7,1
113700,1218,672,672,546,1,264,1973,1,7,1
106000,1302,630,630,672,2,440,1970,2,6,1
122500,1365,765,765,600,2,440,1971,1,6,1
128000,958,1078,958,0,2,440,1976,2,5,1
155000,1548,804,804,744,2,440,1976,2,7,1
142500,1055,1061,1055,0,1,319,1978,2,4,1
129250,988,988,988,0,1,360,1966,1,5,1
356000,1816,1790,1816,0,3,730,2006,2,7,1
314813,1828,1822,1828,0,3,774,2007,2,9,1
318000,1694,1694,1694,0,3,818,2007,2,7,1
322400,1694,1694,1694,0,3,856,2006,2,7,1
318000,1734,1734,1734,0,3,928,2007,2,7,1
345474,2122,2108,2122,0,3,938,2007,2,7,1
415298,2121,2121,2121,0,3,732,2006,2,8,1
492000,2656,1934,1943,713,3,1040,2007,2,8,1
338931,2550,1108,1148,1402,3,670,2006,2,11,1
450000,2046,1994,2046,0,3,878,2005,2,7,1
280000,2172,1063,1071,1101,3,947,2006,2,9,1
479069,2552,2552,2552,0,3,932,2007,2,8,1
395000,1973,1935,1973,0,3,895,2006,2,9,1
380000,2643,2153,2069,574,3,694,2006,2,9,1
250000,1634,1626,1634,0,3,866,2006,2,7,1
440000,1976,1976,1976,0,3,908,2006,2,7,1
418000,2758,1704,1722,1036,3,814,2005,2,9,1
500067,2290,2320,2290,0,3,1174,2007,2,7,1
260116,2152,1582,1582,570,2,728,2007,2,7,1
317000,2473,1143,1143,1330,3,852,2004,2,9,1
319500,2100,918,958,1142,3,786,2007,2,8,1
325624,2161,1582,1610,551,3,789,2007,1,8,1
372000,1802,1802,1802,0,3,843,2006,2,7,1
342000,2956,1706,1718,1238,3,916,2004,2,11,1
354000,2468,1136,1136,1332,3,872,2004,2,10,1
350000,2385,1317,1217,1168,3,818,2003,2,7,1
285000,2374,1181,1234,1140,3,656,2003,2,10,1
281500,1818,895,895,923,3,774,2007,2,8,1
245700,1614,1614,1614,0,3,878,2005,2,7,1
232698,1721,1721,1721,0,2,554,2005,2,7,1
250000,1828,1298,1298,530,3,876,2006,2,7,1
194700,1362,1362,1362,0,2,460,2005,2,6,1
204000,1302,1302,1302,0,2,631,2005,1,5,1
200000,1302,1302,1302,0,2,631,2005,1,5,1
207000,1362,1362,1362,0,2,460,2005,2,6,1
209500,1554,1554,1554,0,2,627,2006,2,6,1
209500,1554,1554,1554,0,2,627,2006,2,6,1
202500,1370,1370,1370,0,2,484,2006,2,6,1
280000,1577,1577,1577,0,2,564,2005,2,6,1
277500,1561,1561,1561,0,2,556,2005,2,6,1
318061,1869,1869,1869,0,2,617,2007,2,6,1
221370,1324,1324,1324,0,2,550,2006,2,6,1
200000,1405,1405,1405,0,2,478,2003,2,6,1
181755,1496,768,768,728,2,572,2007,3,7,1
176000,1536,768,768,768,2,400,2005,2,6,1
178900,1484,783,783,701,2,393,2005,2,8,1
168165,1458,608,608,850,2,454,2006,2,6,1
171925,1495,738,738,757,2,440,2006,2,7,1
198444,1746,698,698,1048,3,350,2006,2,6,1
203000,1326,1326,1326,0,2,388,2005,2,6,1
179540,1456,728,728,728,2,400,2007,2,8,1
176485,1302,1302,1302,0,2,436,2007,2,6,1
181134,1340,1340,1340,0,2,396,2007,2,6,1
156932,1412,616,616,796,2,432,2006,2,6,1
166000,1504,752,752,752,2,440,2007,2,6,1
177594,1456,728,728,728,2,400,2007,2,7,1
173500,1258,1246,1258,0,2,462,2007,2,6,1
172500,1258,1258,1258,0,3,648,2006,2,6,1
194201,1402,1258,1402,0,3,648,2006,0,7,1
226500,1589,1406,1589,0,3,630,2003,2,7,1
185485,1266,1266,1266,0,2,388,2007,2,6,1
259000,1530,1530,1530,0,3,630,2004,2,7,1
188500,1119,835,1119,0,2,437,2004,2,5,1
175000,1374,384,744,630,2,400,2004,2,8,1
215000,1959,847,847,1112,2,434,2004,2,8,1
206580,1525,1510,1525,0,2,534,2006,2,6,1
183500,1720,840,840,880,2,440,2004,2,7,1
165500,1394,384,754,640,2,400,2003,2,7,1
211000,1948,847,847,1101,2,434,2003,2,8,1
181000,1690,924,948,742,2,463,2000,2,7,1
219500,1995,854,864,1131,2,435,2002,2,8,1
175000,1647,953,953,694,2,460,1999,2,7,1
170000,1430,384,774,656,2,400,2000,2,8,1
162000,1320,660,660,660,2,400,2003,2,6,1
187000,1690,915,940,750,2,442,2000,2,7,1
185000,1644,941,961,683,2,460,1999,2,7,1
745000,4476,2396,2411,2065,3,813,1996,3,10,1
384500,2551,1779,1779,772,3,925,1997,2,8,1
248000,2285,969,997,1288,3,648,2000,2,8,1
466500,2633,2633,2633,0,3,804,2001,2,8,1
410000,3078,1408,1671,1407,3,806,1998,2,9,1
322500,2582,1389,1411,1171,3,758,1998,2,9,1
252000,2385,1066,1108,1277,3,600,1998,2,8,1
755000,4316,2444,2444,1872,3,832,1994,3,10,1
269790,2013,1117,1127,886,2,455,1996,2,8,1
315750,2398,1379,1383,1015,3,834,1996,2,8,1
290000,2520,1203,1214,1306,3,721,1995,2,9,1
290000,2531,1318,1328,1203,3,752,1995,2,9,1
430000,3228,3200,3228,0,2,546,1992,3,10,1
263000,2202,1105,1105,1097,2,517,1992,2,9,1
330000,2538,1325,1335,1203,3,933,1996,2,8,1
213133,1369,1369,1369,0,2,605,2007,2,5,1
260261,1542,1542,1542,0,3,852,2007,2,6,1
320000,1905,1905,1905,0,3,788,2006,2,8,1
282922,1464,1485,1464,0,3,754,2007,2,6,1
215000,1534,1524,1534,0,2,484,2006,2,7,1
419005,1966,1966,1966,0,3,1092,2007,2,6,1
255000,1636,1623,1636,0,3,865,2006,2,8,1
147000,1795,1795,1795,0,3,895,2006,2,7,1
235876,1528,1528,1528,0,2,480,2007,3,6,1
311872,1726,1726,1726,0,3,786,2007,2,8,1
248328,1689,1689,1689,0,3,954,2007,2,7,1
227000,1588,1588,1588,0,3,825,2006,2,7,1
260000,1538,1538,1538,0,2,484,2005,2,7,1
225000,1496,1496,1496,0,2,474,2007,2,7,1
249000,1506,1494,1506,0,2,672,2005,2,7,1
307000,1694,1686,1694,0,2,636,2004,2,7,1
250000,1977,982,982,995,3,574,2006,2,7,1
221300,1830,1302,1302,528,3,859,2006,2,7,1
208900,1338,1338,1338,0,2,598,2007,2,6,1
210400,1335,1335,1335,0,2,575,2006,2,6,1
255000,1792,896,896,896,2,590,2007,2,8,1
212109,1588,725,725,863,2,561,2007,3,8,1
270000,1959,1088,1088,871,3,1025,2006,2,8,1
303477,2610,1184,1184,1426,2,550,2007,2,11,1
310013,1880,955,955,925,3,880,2007,2,8,1
249700,1656,1656,1656,0,3,826,2006,2,7,1
227875,1761,874,874,887,2,578,2007,3,7,1
261329,1584,1574,1584,0,2,594,2007,2,6,1
253000,1685,1685,1685,0,3,658,2006,2,5,1
265000,2443,1158,1158,1285,3,744,2004,2,9,1
340000,2466,1580,1580,886,2,610,2004,3,8,1
146000,1100,1100,1100,0,0,0,2006,1,6,1
147000,1143,1143,1143,0,0,0,2006,1,5,1
149000,1094,1094,1094,0,2,576,2003,1,6,1
181000,1486,1461,1486,0,2,566,2006,2,7,1
201000,1721,928,936,785,2,471,1994,2,7,1
191750,1820,864,920,900,2,492,1993,2,7,1
179000,1349,1349,1349,0,2,539,2000,2,6,1
215000,1494,1482,1494,0,2,514,1998,2,5,1
179200,1575,1575,1575,0,2,529,1992,2,5,1
128000,1266,630,630,636,1,283,1980,1,5,1
144000,884,840,884,0,2,504,1983,1,5,1
144000,2020,0,2020,0,2,630,1977,2,10,1
120750,894,894,894,0,1,308,1977,1,5,1
132500,970,970,970,0,2,624,1963,1,5,1
132000,1057,1057,1057,0,2,576,1962,1,6,1
132500,999,999,999,0,1,264,1962,1,6,1
129000,1120,1040,1120,0,2,544,1961,1,5,1
143900,1696,1140,1696,0,1,349,1962,1,8,1
145000,1040,1040,1040,0,2,686,1968,1,5,1
128500,988,988,988,0,2,572,1961,1,5,1
125500,902,876,902,0,1,288,1967,1,6,1
300000,2503,1223,1271,1232,2,564,1990,2,7,1
294000,2167,1192,1516,651,2,518,1974,2,9,1
129000,1037,1037,1037,0,2,431,1974,1,5,1
171000,1701,1390,1701,0,2,611,1975,2,6,1
147000,1055,1044,1055,0,2,542,1973,1,5,1
302000,2810,1453,1453,1357,2,750,1990,2,9,1
285000,2872,1683,2129,743,2,541,1992,2,9,1
214000,1378,1378,1378,0,2,540,2004,2,6,1
166000,1151,1141,1151,0,2,484,2006,2,5,1
193800,1565,1511,1565,0,2,476,2006,2,5,1
208900,1352,1352,1352,0,2,466,2006,2,5,1
194000,1352,1352,1352,0,2,466,2006,2,5,1
207500,1550,1550,1550,0,2,528,2006,2,5,1
199900,1241,1241,1241,0,2,569,2006,1,4,1
164700,1250,625,625,625,2,528,2006,2,5,1
176500,1501,744,757,744,2,440,1999,2,6,1
176000,1458,729,729,729,2,440,1999,2,5,1
168500,1512,756,756,756,2,440,2000,2,4,1
177000,1573,756,769,804,2,440,2000,2,4,1
177000,1525,756,769,756,2,440,2000,2,5,1
148800,1102,551,551,551,2,480,2004,2,4,1
174000,1441,776,764,677,2,492,1999,2,5,1
239000,1950,975,975,975,2,576,1997,2,7,1
204000,1358,1339,1358,0,2,625,1999,2,5,1
301000,2048,1054,1072,976,2,552,2003,2,8,1
312500,2362,1220,1220,1142,2,1105,1998,2,8,1
279700,1494,1494,1494,0,2,478,1994,1,5,1
255000,2362,2002,2362,0,2,546,1980,2,8,1
194000,1432,1360,1432,0,2,588,1978,1,5,1
218000,1437,1437,1437,0,2,528,1976,2,6,1
213750,1295,1057,1295,0,2,571,1978,1,4,1
187000,1855,528,1094,761,2,512,1976,2,7,1
181500,1262,1262,1262,0,2,460,1976,2,6,1
373000,2497,2461,2497,0,2,676,1981,2,7,1
190000,2620,1361,1361,1259,2,600,1977,2,12,1
226000,1929,1057,1057,872,2,650,2001,2,7,1
143450,1152,912,1152,0,2,412,1968,1,7,1
240050,2411,1008,1403,1008,2,570,1970,2,8,1
162500,1082,973,1082,0,2,480,1969,1,6,1
164000,1295,1295,1295,0,2,528,1968,1,6,1
185000,1610,1124,1610,0,2,515,1972,2,8,1
188500,1594,1594,1594,0,2,472,1993,2,6,1
255000,2075,1148,1091,984,2,473,1993,2,8,1
136905,1680,1680,1680,0,2,528,1976,2,8,1
158500,1093,1093,1093,0,2,484,1966,2,6,1
175500,1242,1242,1242,0,2,528,1973,1,6,1
127000,1052,1052,1052,0,1,311,1963,1,6,1
127000,1107,949,1107,0,1,308,1967,1,5,1
143000,1214,1214,1214,0,1,318,1967,2,5,1
156000,1073,1073,1073,0,2,515,1965,1,6,1
144000,1344,1024,1344,0,1,484,1958,1,6,1
119000,1728,1728,1728,0,1,352,1964,2,10,1
103000,1224,0,1224,0,3,530,1964,2,8,0
139900,1422,978,1422,0,1,286,1960,1,6,1
151500,958,958,958,0,1,301,1960,1,5,1
126500,1065,1065,1065,0,2,461,1960,1,6,1
145000,1138,588,1138,0,1,264,1958,1,6,1
120000,912,912,912,0,1,297,1958,1,5,1
124000,1074,894,1074,0,2,396,1956,1,6,1
106500,882,0,882,0,1,294,1959,1,5,1
140500,1187,864,1187,0,2,440,1961,1,6,1
137500,964,964,964,0,2,784,1961,1,5,1
117600,894,894,894,0,1,312,1960,1,5,1
163500,1200,1174,1200,0,2,440,1966,2,6,1
161000,1042,1042,1042,0,2,440,1965,2,5,1
158000,1302,1302,1302,0,1,309,1964,2,7,1
224500,2154,845,845,1309,2,539,1964,2,8,1
147000,1374,1130,1374,0,1,286,1964,1,7,1
200000,1652,1592,1652,0,2,510,1959,1,6,1
181900,1429,1144,1429,0,2,572,1960,1,7,1
150750,1327,1063,1327,0,2,624,1959,1,7,1
101800,1224,0,1224,0,2,462,1962,2,6,1
124000,932,932,932,0,1,306,1950,1,4,1
138500,908,822,908,0,2,512,1940,1,4,1
39300,334,0,334,0,0,0,1946,1,2,0
64500,666,666,666,0,0,0,1946,1,4,0
64000,670,370,442,228,0,0,1945,1,4,0
112000,808,808,808,0,1,308,1958,1,5,1
165000,1977,816,1127,850,2,540,1964,1,9,1
144000,1150,1078,1150,0,1,288,1955,1,6,1
137000,1920,928,928,992,2,400,1948,2,10,1
105000,1376,768,968,408,1,240,1941,1,6,1
146500,1644,728,888,756,1,312,1942,1,7,1
126000,1560,1560,1560,0,3,792,1968,2,8,1
175000,1280,793,1280,0,2,432,1966,2,6,1
158500,1254,1218,1254,0,2,525,1961,1,6,1
114500,912,912,912,0,1,275,1958,1,5,1
144000,1524,874,874,650,1,315,1958,1,7,1
129000,2380,1021,1465,915,2,596,1965,2,7,1
141000,936,936,936,0,1,315,1957,1,4,1
131000,1008,1008,1008,0,1,308,1956,1,6,1
142100,1053,1053,1053,0,2,692,1963,1,6,1
139000,1056,1056,1056,0,1,308,1958,1,6,1
157900,1442,1442,1442,0,1,301,1958,1,7,1
139400,1056,1056,1056,0,1,260,1954,1,6,1
150000,1244,1244,1244,0,1,336,1957,1,6,1
120000,1144,1144,1144,0,1,336,1960,1,6,1
174850,1721,1331,1721,0,2,464,1957,1,8,1
116000,922,922,922,0,1,308,1957,1,5,1
135000,1048,1048,1048,0,1,286,1956,1,6,1
163500,1657,1657,1657,0,2,484,1970,2,7,1
130000,1411,1204,1411,0,1,310,1955,1,7,1
129500,1216,1216,1216,0,1,336,1955,1,5,1
142000,1154,864,1154,0,1,336,1953,1,6,1
128600,1560,1560,1560,0,2,484,1958,2,8,1
125000,948,948,948,0,2,410,1952,1,5,1
136000,1040,1040,1040,0,1,293,1953,1,6,1
134500,1008,1008,1008,0,1,240,1953,1,6,1
127000,925,925,925,0,1,252,1956,1,5,1
130000,1360,384,1360,0,2,572,1955,1,6,1
115000,1540,1190,1040,500,1,352,1955,1,7,1
116900,925,923,925,0,1,390,1955,1,5,1
132000,928,928,928,0,1,252,1956,1,4,1
153000,1647,1105,1647,0,1,280,1953,1,6,1
112500,924,924,924,0,1,420,1952,1,6,1
138000,1544,925,1000,544,0,0,1890,2,7,1
135000,893,845,893,0,2,576,1949,1,4,1
156000,1728,1216,1216,0,1,371,1953,1,7,1
301600,3086,666,1308,1778,3,1200,1935,3,9,1
109000,1034,735,735,299,1,240,1940,1,5,1
103200,882,882,882,0,0,0,1956,1,4,1
128500,1281,1151,845,436,2,580,1925,2,6,1
64500,968,656,968,0,1,216,1927,2,5,1
148000,1534,736,751,783,0,0,1895,1,6,1
86000,691,691,691,0,1,216,1920,1,4,1
172000,1651,725,1035,616,1,276,1963,2,6,1
120000,888,920,888,0,1,240,1961,1,5,1
128500,952,952,952,0,1,288,1968,1,5,1
135000,2080,1040,1040,1040,2,504,1969,1,9,1
122900,924,672,672,252,2,576,1949,1,6,1
119200,1082,1082,1082,0,1,240,1948,1,5,1
143000,1846,1040,1168,678,1,315,1949,2,7,1
119000,988,876,988,0,1,276,1950,1,6,1
102000,1238,864,1238,0,1,357,1950,1,6,1
129000,864,864,864,0,2,720,1950,1,5,1
135000,1134,1010,1134,0,1,254,1960,1,6,1
152000,1040,1040,1040,0,1,286,1959,1,6,1
140000,1170,1170,1170,0,1,338,1958,1,6,1
152000,1242,1242,1242,0,1,324,1960,1,6,1
156500,1377,1377,1377,0,1,351,1960,1,6,1
141000,1800,1800,1800,0,0,0,1961,2,10,0
99000,925,0,925,0,1,300,1961,1,7,1
187000,1851,822,1020,831,2,440,1964,2,7,1
169500,1812,864,876,936,1,264,1962,2,8,1
125500,864,864,864,0,1,294,1962,1,5,1
130000,936,896,936,0,1,288,1962,1,6,1
103000,960,850,960,0,2,576,1926,1,5,1
132000,1432,264,768,664,2,360,1910,2,7,1
127500,1296,845,866,430,2,576,1927,1,6,1
89500,1022,1022,1022,0,1,184,1922,1,4,0
140000,936,936,936,0,2,672,1980,1,4,1
99900,967,967,967,0,1,180,1920,1,5,1
100000,1047,641,1047,0,1,273,1885,1,6,1
130000,1072,808,1072,0,2,379,1940,1,5,1
135000,1174,680,680,494,2,576,1900,1,6,1
120000,1183,649,679,504,1,308,1948,1,6,1
89471,1131,907,1131,0,2,672,1937,1,7,1
85000,1141,570,761,380,1,252,1900,1,6,0
108500,960,960,960,0,1,308,1920,1,5,1
137000,1798,1075,1156,642,2,342,1900,2,7,1
110500,866,686,866,0,0,0,1945,1,4,1
100000,968,968,968,0,2,480,1923,1,5,1
184900,1772,725,909,863,2,816,1910,2,7,0
145000,1642,728,914,728,1,374,1927,1,9,1
125000,1472,702,842,630,1,250,1925,1,6,1
114000,1232,616,616,616,2,480,1910,1,6,1
90000,2337,662,1422,915,2,560,1900,2,10,0
144100,1650,926,991,659,2,468,1910,2,6,1
117500,2210,1008,1178,1032,1,205,1880,2,8,1
124500,1358,687,687,671,1,336,1930,1,6,1
185000,2454,819,1312,1142,2,576,1879,2,8,1
133900,2291,1214,1260,1031,2,506,1910,2,9,0
152000,1616,1149,1149,467,1,216,1926,2,5,1
153500,1559,1559,1559,0,2,812,1948,1,5,1
159500,2554,718,1576,978,2,704,1890,1,8,1
87000,1248,912,912,336,1,160,1930,1,6,1
104500,968,0,968,0,1,331,1956,1,5,1
110000,1382,0,1382,0,1,384,1949,2,6,1
136500,1060,756,916,144,1,308,1925,1,6,0
128250,1435,910,910,525,1,308,1950,1,6,1
144000,1167,915,1167,0,2,495,1920,1,6,1
210000,1635,1065,915,720,2,440,1923,1,6,1
135000,1274,728,728,546,1,224,1939,2,6,1
128000,1232,600,608,624,1,217,1939,1,6,1
131000,1218,735,869,349,2,440,1941,1,6,1
113000,884,884,884,0,1,240,1939,1,5,1
126000,1409,861,861,548,2,528,1938,1,6,1
132000,1322,672,899,423,1,280,1939,1,7,1
131750,1426,966,1014,412,1,230,1930,1,6,1
132500,1281,756,903,378,2,379,1926,1,6,1
137500,1513,939,939,574,1,180,1920,1,8,1
132000,854,832,854,0,2,576,1929,1,5,1
127500,1367,884,959,408,1,560,1931,1,6,1
102000,986,960,986,0,1,180,1926,1,5,0
200000,2264,1100,1100,1164,1,408,1918,2,8,1
180500,1824,764,1060,764,2,520,1919,1,8,1
165000,1376,768,752,624,2,576,1920,1,7,1
90000,1316,750,960,356,2,576,1926,1,7,1
153575,1396,698,698,698,1,384,1915,1,7,1
140000,1344,672,672,672,2,456,1929,1,6,0
136000,2526,714,1664,862,1,216,1916,2,10,0
113000,1173,592,933,240,1,240,1901,2,7,0
117000,1214,969,969,245,1,216,1901,1,6,0
169500,1818,1040,1226,592,1,240,1931,1,7,1
139400,1108,637,1108,0,1,280,1930,1,6,1
202500,2294,741,1497,797,2,658,1963,3,9,1
127000,1355,684,773,582,0,0,1914,1,7,1
141000,1375,780,780,595,1,544,1937,1,6,1
212300,1952,976,976,976,1,299,1950,1,8,1
161000,2180,1138,1138,1042,2,720,1915,1,7,1
99500,1315,808,838,477,2,436,1958,2,5,1
101000,1111,530,581,530,1,288,1920,1,6,0
109900,1196,1196,1196,0,2,440,1916,1,5,1
128500,1382,720,854,0,2,660,1941,1,7,1
122000,1889,925,964,925,1,308,1910,1,9,0
87000,840,672,840,0,0,0,1930,1,5,1
50000,1484,771,866,504,1,264,1910,2,6,1
219000,2267,1005,1262,1005,2,498,1937,1,7,1
200500,3086,1598,1636,971,0,0,1946,3,12,1
126000,1134,756,756,378,1,240,1940,1,7,0
108500,1282,672,778,504,1,240,1942,1,4,0
130000,999,925,999,0,1,308,1963,1,6,1
158450,1452,1420,1452,0,2,572,1964,1,6,1
115400,1005,1005,1005,0,2,440,1964,1,5,1
118500,1029,1029,1029,0,1,261,1961,1,5,1
165000,1020,980,1020,0,2,528,1964,2,5,1
123000,1040,1040,1040,0,1,264,1966,1,6,1
129000,913,814,913,0,1,240,1966,1,6,1
125000,894,894,894,0,1,384,1966,1,5,1
108000,948,948,948,0,1,300,1968,1,6,1
119900,868,768,868,0,2,576,1971,1,6,1
115000,897,876,897,0,1,264,1968,1,5,1
134500,943,943,943,0,2,528,1967,1,5,1
127000,955,955,955,0,1,386,1966,1,6,1
129000,894,894,894,0,2,450,1968,1,5,1
143500,1285,660,1285,0,2,528,1977,1,7,1
129000,912,912,912,0,1,315,1966,1,6,1
187000,1375,1240,1375,0,1,323,1956,1,6,1
158000,2654,671,1567,1087,2,638,1920,3,11,1
112000,1416,816,1416,0,2,576,1918,2,7,1
165250,1302,680,798,504,1,224,1940,1,6,1
150000,1299,967,1299,0,2,494,1954,1,6,1
137000,1176,1158,1176,0,1,303,1958,1,6,1
89500,998,0,998,0,2,460,1945,1,5,0
302000,1824,1643,1824,0,2,739,1971,2,5,1
182000,1522,1190,1522,0,2,552,1984,2,7,1
211000,2060,1151,1164,896,2,521,1988,2,8,1
216000,1325,409,1325,0,2,576,1948,2,6,1
130000,1630,1073,1630,0,2,649,1953,2,6,1
109900,1242,484,1242,0,1,336,1946,1,4,0
255000,2422,1288,2422,0,2,527,1954,3,6,1
243000,2158,1202,2158,0,2,576,1950,2,7,1
154000,1626,988,988,638,1,332,1954,1,6,1
118000,864,864,864,0,1,399,1958,1,6,1
80000,943,0,943,0,1,308,1958,1,5,0
150000,1440,1440,1440,0,0,0,1977,2,8,1
86000,605,528,605,0,0,0,1920,1,5,1
130000,1038,1038,1038,0,1,264,1984,2,5,1
125000,1342,1342,1342,0,1,256,1951,1,7,1
136500,1480,1080,1080,400,1,253,1951,1,7,0
96000,1362,951,986,376,1,280,1920,2,7,0
120000,1340,0,1340,0,1,252,1957,1,7,1
228500,1822,1105,1105,717,2,515,1984,2,7,1
179900,1442,910,1442,0,2,719,1990,2,6,1
225000,2243,700,1122,1121,3,746,1990,2,8,1
301000,2730,1502,1553,1177,2,576,1986,2,8,1
238000,2127,1104,912,1215,3,833,1991,2,8,1
228500,1982,807,1175,807,2,575,1989,2,7,1
220000,1958,779,1029,929,2,499,1994,2,7,1
383970,2696,1264,1282,1414,3,792,2007,2,10,1
424870,2828,1466,1466,1362,3,1052,2006,3,11,1
250000,1651,1643,1651,0,3,870,2007,2,7,1
360000,2140,2140,2140,0,3,894,2006,2,8,1
279500,1494,1494,1494,0,3,840,2006,2,7,1
200141,1316,1316,1316,0,2,440,2007,2,6,1
246500,1651,1643,1651,0,3,870,2007,2,7,1
276000,2574,1482,1482,1092,3,868,2007,2,10,1
203000,1274,1274,1274,0,2,508,2005,2,6,1
155835,1456,728,728,728,2,440,2006,2,8,1
194000,1240,1240,1240,0,3,826,2006,2,5,1
195400,1208,1208,1208,0,2,628,2007,2,6,1
217000,1546,1546,1546,0,3,796,2005,2,7,1
212999,1500,1489,1500,0,2,674,2006,2,7,1
175900,1270,1270,1270,0,2,524,2005,2,6,1
191000,1795,879,879,916,2,578,2005,2,7,1
176432,1314,1314,1314,0,2,440,2006,2,6,1
277000,2062,1157,1180,882,2,454,1988,2,7,1
207000,1873,929,946,927,2,619,1988,2,7,1
277000,2144,1444,1444,700,2,389,1958,2,7,1
240000,1953,1580,1079,874,2,501,1992,2,9,1
187500,2087,832,976,1111,2,444,1966,2,9,1
279000,1743,966,1743,0,2,529,1976,0,5,1
139500,1022,1022,1022,0,2,747,1994,1,6,1
126000,990,990,990,0,1,299,1994,1,5,1
177500,1200,1200,1200,0,2,521,1995,2,6,1
175000,1308,635,646,662,2,497,1997,2,6,1
211000,1796,794,882,914,2,546,1998,2,7,1
146000,990,990,990,0,1,384,1994,1,5,1
147900,1097,1097,1097,0,1,242,1996,1,6,1
123600,990,990,990,0,0,0,1994,1,5,1
204750,1786,824,905,881,2,684,1997,2,7,1
235500,1873,988,988,885,2,597,1999,2,7,1
217000,1753,853,853,900,2,534,1998,2,7,1
190550,1690,845,845,845,2,517,2001,2,7,1
217500,1842,985,985,857,2,486,2000,2,7,1
226000,1479,1453,1479,0,2,558,2003,2,7,1
180000,1668,840,840,828,2,500,2003,2,8,1
131000,894,864,894,0,2,440,1974,1,5,1
153500,1025,1015,1025,0,2,370,1976,2,6,1
160000,1009,995,1009,0,2,576,1977,2,6,1
134900,1040,1040,1040,0,2,748,1977,1,5,1
130000,907,876,907,0,1,308,1977,1,5,1
120000,879,864,879,0,2,440,1975,1,5,1
112500,882,882,882,0,2,461,1972,1,5,1
122000,969,969,969,0,2,440,1975,1,5,1
127000,864,864,864,0,2,576,1972,1,5,1
117000,875,385,875,0,2,728,1972,1,5,1
305900,2000,2000,2000,0,3,888,2004,2,8,1
228500,2169,1284,1284,885,2,647,2002,2,7,1
270000,1673,1673,1673,0,2,583,2000,2,7,1
192000,1459,1459,1459,0,2,527,2002,2,6,1
213000,1932,979,992,940,2,610,2003,2,7,1
200000,1729,860,860,869,2,542,2002,2,7,1
267000,2452,1028,1210,1242,2,683,1998,2,9,1
228000,1592,1556,1592,0,2,484,1994,2,7,1
275000,2439,1531,1531,908,2,560,2001,2,7,1
211000,1992,860,1212,780,2,608,1996,2,7,1
285000,1668,1626,1668,0,3,702,2002,2,7,1
240000,2090,1220,1220,870,2,556,1995,2,8,1
131500,848,848,848,0,2,420,2003,1,3,1
246900,1341,1341,1341,0,2,482,1999,1,5,1
219500,1928,847,847,1081,2,434,2003,2,8,1
185000,1337,1337,1337,0,2,531,2003,2,6,1
179400,1476,738,738,738,2,552,2007,2,7,1
213500,1797,939,939,858,2,639,2006,2,8,1
179600,1422,1422,1422,0,2,626,2004,2,7,1
173500,1190,1169,1190,0,2,578,2005,2,5,1
167840,1330,1330,1330,0,2,437,2006,2,6,1
168675,1491,738,738,753,2,484,2006,2,7,1
167000,1536,768,768,768,2,400,2005,2,6,1
140000,1214,1214,1214,0,2,461,1965,1,6,1
118500,936,936,936,0,1,384,1967,1,4,1
110000,1088,1088,1088,0,2,520,1963,1,4,1
94750,960,960,960,0,1,432,1965,1,6,1
122000,1351,901,901,450,2,576,1925,1,7,1
110000,1179,1179,1179,0,2,622,1960,1,5,1
118500,816,816,816,0,0,0,1990,1,5,1
133500,1044,960,1044,0,2,528,1976,1,7,1
148000,1113,1143,1113,0,1,504,1976,1,6,1
141000,2233,0,1100,1133,2,579,1979,2,11,1
155000,1125,1125,1125,0,2,430,2006,1,5,1
157000,1090,1090,1090,0,2,450,2005,1,5,1
171500,1408,734,734,674,2,489,2005,2,6,1
183850,5095,5095,5095,0,3,1154,2008,2,15,1
184750,4676,3138,3138,1538,3,884,2007,3,11,1
140000,1072,547,1072,0,2,525,2005,1,5,1
131750,960,960,960,0,1,392,1959,1,4,1
61500,1152,0,1152,0,0,0,1955,2,6,0
111000,948,864,948,0,1,248,1954,1,5,1
98500,1195,1195,1195,0,0,0,1946,2,8,0
79000,774,544,774,0,0,0,1931,1,6,1
108500,865,660,740,125,1,216,1920,1,4,1
110000,894,894,894,0,2,400,1954,1,5,1
112000,1346,560,796,550,1,384,1910,1,6,0
125000,768,768,768,0,1,355,1955,1,4,1
79275,864,864,864,0,2,528,1955,1,5,1
119000,948,948,948,0,1,280,1954,1,5,1
200000,3395,1440,1440,1440,0,0,1914,2,14,1
150000,2592,1296,1296,1296,0,0,1923,2,12,0
165000,1502,602,900,602,1,180,1923,1,7,1
96500,789,768,789,0,1,200,1926,1,5,0
136500,1422,1290,1422,0,1,352,1926,1,6,1
146500,1298,651,759,539,1,240,1921,2,8,1
175000,1768,731,981,787,1,240,1937,1,7,1
148500,1098,531,567,531,1,216,1930,1,5,1
141500,1436,585,851,585,1,228,1921,1,7,0
189950,1426,912,912,514,1,216,1918,1,7,1
135000,1461,686,686,775,1,225,1926,1,6,1
164000,1646,918,918,728,1,240,1941,2,7,1
90350,694,440,694,0,1,352,1913,1,4,0
139000,1250,661,661,589,2,552,1910,2,8,1
119750,954,920,954,0,1,240,1938,1,5,1
145000,1958,979,979,979,2,492,1946,2,8,0
145000,2002,1001,1001,1001,3,871,1949,2,8,0
238000,1718,851,867,851,2,264,1927,2,8,1
153500,1226,0,1226,0,2,400,1951,1,7,1
239000,2624,1370,1370,1254,3,864,1918,2,10,0
359100,3194,965,1940,1254,2,380,1934,2,10,1
188000,1755,930,1230,525,1,231,1930,2,7,1
220000,1991,854,1096,895,2,432,1932,1,7,1
140000,1355,728,760,595,2,528,1941,2,5,1
315000,2727,853,1549,1178,2,440,1932,2,10,1
259500,2320,1028,1436,884,1,180,1945,2,9,1
257500,1839,1477,1839,0,2,416,1957,2,7,1
219500,1740,800,960,780,1,240,1940,1,6,1
217000,2259,1809,2259,0,2,450,1953,2,7,1
201000,1560,1560,1560,0,2,580,1960,1,6,1
215000,1488,1488,1488,0,2,552,1968,2,7,1
123900,1045,516,529,516,2,462,1980,1,5,1
170000,1680,1680,1680,0,2,628,1995,2,7,1
200000,1020,1004,1020,0,2,509,1988,1,4,1
198000,1696,1696,1696,0,2,625,1971,2,7,1
200624,2515,2035,2515,0,2,484,1957,3,9,1
315000,2726,279,2726,0,2,691,1986,2,6,1
115000,1517,793,997,520,0,0,1919,2,7,0
141000,1215,720,720,495,2,720,1940,1,6,1
87000,803,720,803,0,2,360,1941,1,5,0
129850,1601,936,936,665,0,0,1925,2,6,1
100000,1123,732,772,351,1,264,1939,1,4,1
75200,816,816,816,0,1,100,1922,1,5,1
118400,1012,1012,1012,0,1,308,1920,1,6,1
67000,1077,961,1077,0,1,338,1920,1,6,1
152000,1558,910,910,648,1,282,1950,1,6,1
68104,845,0,640,0,1,256,1939,1,4,1
119600,1991,957,1034,957,0,0,1895,2,9,0
140000,1073,1073,1073,0,2,720,1957,1,6,1
124900,1001,837,1001,0,1,216,1930,1,5,1
375000,1625,1573,1625,0,2,495,2006,2,5,1
235000,1625,1573,1625,0,2,538,2006,2,5,1
183500,1299,1001,1299,0,2,486,1979,2,5,1
156000,912,888,912,0,2,470,1978,1,5,1
134000,1080,1084,1080,0,2,484,1983,1,5,1
215000,1392,1441,1392,0,3,650,2002,2,6,1
245000,1409,1409,1409,0,2,576,2002,1,4,1
210000,1478,1454,1478,0,2,506,1991,2,6,1
148000,918,852,918,0,1,360,1975,1,4,1
143000,1026,970,1026,0,2,528,1974,1,5,1
244000,1501,1501,1501,0,2,512,1987,2,5,1
330000,1502,1502,1502,0,1,286,1998,1,5,1
170000,1328,1350,1328,0,1,308,1959,1,5,1
257000,2279,585,2279,0,2,461,1958,2,7,1
231713,1689,1689,1689,0,2,433,2006,2,7,1
267300,1564,1546,1564,0,2,502,2006,2,6,1
265900,1484,1476,1484,0,2,472,2006,2,6,1
239000,1571,1571,1571,0,3,722,2007,2,7,1
248900,1646,1638,1646,0,3,870,2006,2,6,1
174000,1240,1265,1240,0,2,528,1985,2,6,1
187500,1717,1156,1187,530,2,400,1990,2,7,1
204000,1756,872,888,868,2,422,1996,2,7,1
180500,1312,1267,1312,0,2,471,2001,2,5,1
187500,1146,868,1146,0,2,438,2003,2,6,1
282000,1922,1922,1922,0,3,692,2002,2,6,1
178000,1491,1491,1491,0,2,571,1996,2,7,1
270000,1629,1616,1629,0,3,808,2002,2,9,1
279900,2486,1122,1146,1340,2,452,2003,3,10,1
186700,1572,1572,1572,0,3,995,1963,1,5,1
283463,1776,1732,1776,0,3,712,2006,2,7,1
392000,1824,1824,1824,0,3,932,2006,2,8,1
281213,2482,1094,1133,1349,3,642,2005,2,9,1
147000,1120,1120,1120,0,0,0,2007,1,6,1
130000,2034,0,2034,0,4,1041,1953,1,9,1
140000,936,920,936,0,2,460,1996,0,3,1
132250,1040,1064,1040,0,2,648,1963,1,5,1
143000,1632,1632,1632,0,2,576,1967,2,8,1
168000,1622,1249,1622,0,4,1356,1961,1,7,1
129900,1060,1040,1060,0,2,572,1976,1,6,1
134000,1142,1142,1142,0,2,528,1976,1,6,1
85500,1092,546,546,546,1,253,1972,1,5,1
106500,992,530,530,462,1,297,1970,1,4,1
93900,1092,546,546,546,0,0,1970,1,5,1
75000,1092,546,546,546,1,286,1970,1,6,1
84500,630,630,630,0,0,0,1970,1,3,1
75190,1092,546,546,546,1,286,1976,1,6,1
146800,1062,1029,1062,0,2,539,1976,1,5,1
153500,1008,923,1008,0,2,678,1977,1,4,1
188000,1356,1244,1356,0,2,528,1977,2,6,1
196000,1676,1160,1676,0,2,672,1977,1,6,1
157000,1432,716,716,716,2,531,1977,1,6,1
138000,796,796,796,0,0,0,1971,1,5,1
129500,768,768,768,0,2,624,1970,1,5,1
80000,1608,1396,1608,0,1,444,1961,1,6,0
129500,845,845,845,0,2,360,1982,1,4,1
135000,1178,1090,1178,0,2,502,1976,1,6,1
124500,816,816,816,0,1,264,1982,1,5,1
139000,816,816,816,0,1,264,1983,1,4,1
93500,974,974,974,0,0,0,1991,1,5,1
124500,887,864,887,0,1,288,1984,1,5,1
149900,1293,1178,1293,0,2,452,1954,2,5,1
157500,1024,1008,1024,0,1,313,1956,1,5,1
169000,1797,1617,1797,0,3,963,1957,1,7,1
252000,1390,1705,1390,0,2,550,1957,1,4,1
192100,1851,1851,1851,0,2,506,1969,2,8,1
183500,1525,813,813,712,2,400,1997,2,6,1
222000,2236,964,993,1243,2,642,1997,2,8,1
170000,1671,781,781,890,2,423,1995,2,7,1
187500,1498,691,691,807,2,409,1995,2,6,1
202000,1776,821,821,955,2,443,1996,2,7,1
185000,1511,802,802,709,2,413,1997,2,8,1
320000,2462,1392,1392,1070,2,576,2005,2,9,1
240000,1670,1670,1670,0,3,690,2006,2,7,1
250000,2064,1074,1074,990,2,527,2005,2,7,1
239900,1801,893,901,900,3,800,2005,2,8,1
309000,2212,1700,1700,512,3,773,2005,2,9,1
274725,2021,868,887,1134,2,422,2006,2,9,1
270000,2687,2062,2079,608,2,618,1994,2,9,1
183500,1169,1160,1169,0,2,402,1993,2,6,1
165600,1501,697,697,804,2,420,1993,2,6,1
176500,1632,935,955,677,2,462,1998,2,8,1
130000,1204,1191,1204,0,2,461,1987,2,5,1
239000,1767,1064,1064,703,2,504,1987,2,5,1
275000,1742,1742,1742,0,2,564,1985,2,5,1
457347,2798,1398,1414,1384,3,670,2005,3,11,1
545224,3390,1528,1528,1862,3,758,2006,3,10,1
356383,2473,1094,1102,1371,3,675,2006,2,11,1
556581,2868,1992,1992,876,3,716,2005,3,11,1
361919,2576,1234,1264,1312,3,666,2006,2,10,1
535000,2698,1850,1850,848,3,736,2006,2,11,1
401179,2795,1390,1390,1405,3,660,2005,3,10,1
438780,2945,1410,1426,1519,3,641,2006,3,10,1
169000,2320,0,1547,720,2,672,1948,2,7,1
145000,1056,1056,1056,0,2,572,1955,1,5,0
318000,1714,1714,1714,0,2,517,2005,2,7,1
319000,1826,1814,1826,0,3,758,2005,2,7,1
470000,2000,1910,2000,0,3,722,2005,2,8,1
202500,1621,1208,1621,0,2,440,1984,2,8,1
229000,2183,1204,1377,806,3,786,1988,2,9,1
235000,2263,795,1468,795,2,539,1977,2,9,1
190000,1574,796,790,784,2,566,1976,2,6,1
169000,1102,988,1102,0,2,582,1980,1,5,1
241500,1872,1845,1872,0,2,604,1988,2,6,1
188900,1857,945,945,912,2,482,1978,2,8,1
207500,1686,1686,1686,0,2,612,1980,2,7,1
250000,2784,1392,1392,1392,2,564,1978,3,12,1
179900,1552,713,811,741,2,434,1975,2,6,1
172000,1083,1047,1083,0,2,596,1976,1,5,1
294323,2318,960,960,1358,2,541,2005,2,8,1
184500,1875,675,1109,766,2,485,1975,3,8,1
153500,1074,1056,1074,0,2,495,1975,1,6,1
162900,1664,832,832,832,2,528,1976,2,8,1
181000,1309,1040,1309,0,2,484,1974,1,5,1
155000,1103,1103,1103,0,2,462,1974,2,6,1
138800,1096,1096,1096,0,1,299,1969,1,6,1
116050,864,864,864,0,1,280,1970,1,5,1
88000,858,858,858,0,0,0,1971,1,5,1
97500,874,864,874,0,2,576,1971,1,5,1
190000,1419,1487,1419,0,2,543,2002,2,4,1
105500,1092,525,525,567,2,440,1973,1,6,1
125500,1365,765,765,600,2,440,1973,1,7,1
83000,987,483,483,504,1,264,1973,1,5,1
116000,1030,494,494,536,1,264,1972,1,6,1
91500,1218,672,672,546,0,0,1971,1,7,1
118000,1218,672,672,546,1,264,1972,1,7,1
89000,948,483,483,465,1,264,1972,1,5,1
108000,1092,525,525,567,1,264,1972,1,6,1
94500,987,483,483,504,1,288,1972,1,5,1
146300,1069,1069,1069,0,2,440,1975,2,4,1
145000,1387,943,1387,0,1,300,1967,1,6,1
123000,900,864,900,0,1,288,1967,1,6,1
137500,1055,1055,1055,0,1,319,1976,2,4,1
144000,1456,855,855,601,2,460,1976,2,6,1
315000,1980,1980,1980,0,3,770,2004,2,8,1
412083,2589,1738,1738,851,3,831,2006,2,11,1
342643,2596,1249,1249,1347,3,840,2006,3,9,1
252000,1618,1618,1618,0,3,880,2004,2,6,1
465000,2076,2076,2076,0,3,850,2006,2,7,1
293000,1740,1721,1740,0,3,874,2006,2,8,1
415000,1868,1868,1868,0,3,1085,2005,2,7,1
326000,1850,1833,1850,0,3,772,2004,2,8,1
325300,2376,1158,1158,1218,3,853,2005,3,9,1
309000,2452,1117,1132,1320,3,691,2004,3,9,1
300000,2206,1090,1117,1089,3,670,2005,2,10,1
275500,2098,1030,1038,1060,3,878,2005,2,8,1
338500,2091,1606,1625,466,2,521,2005,2,8,1
345000,2324,1175,1182,1142,3,736,2005,3,11,1
344133,2253,1209,1209,1044,2,575,2005,2,8,1
298236,2389,1054,1054,1335,3,672,2006,2,10,1
329900,2358,1524,1544,814,3,784,2005,2,10,1
360000,1944,1896,1944,0,3,708,2003,2,8,1
281000,1970,1085,1120,850,3,753,2006,2,8,1
372397,1792,1792,1792,0,3,925,2005,2,6,1
378000,1780,1780,1780,0,3,816,2004,2,7,1
374000,1792,1792,1792,0,3,874,2003,2,6,1
437154,2728,1848,1848,880,3,706,2005,2,10,1
275000,1904,1058,1058,846,2,736,2005,2,8,1
279000,1914,1420,1426,488,3,746,2004,2,9,1
185850,1364,1364,1364,0,2,484,2005,2,6,1
282500,1565,1560,1565,0,2,556,2005,2,6,1
202500,1368,1368,1368,0,2,474,2005,2,6,1
202665,1368,1368,1368,0,2,474,2005,2,6,1
332200,1686,1686,1686,0,3,899,2006,2,6,1
310090,1666,1666,1666,0,2,575,2006,2,6,1
171750,1405,1405,1405,0,2,478,2003,2,6,1
169990,1316,1316,1316,0,2,397,2005,2,6,1
170440,1456,728,728,728,2,390,2005,2,8,1
169985,1492,738,738,754,2,440,2006,2,8,1
179665,1496,654,664,832,2,426,2006,2,7,1
219210,1863,879,879,984,3,660,2006,2,9,1
174190,1326,1326,1326,0,2,427,2006,2,6,1
172785,1456,728,728,728,2,429,2006,2,8,1
258000,2373,1052,1052,1321,3,632,2004,2,9,1
185101,1492,738,738,754,2,440,2006,2,8,1
210250,1364,1220,1364,0,2,437,2006,2,6,1
234000,1557,1374,1557,0,2,420,2003,2,7,1
215000,1456,1273,1456,0,2,400,2003,2,7,1
246990,1511,1368,1511,0,2,398,2002,2,5,1
178740,1414,1375,1414,0,2,398,2004,2,6,1
225000,1548,1365,1548,0,2,388,2004,2,7,1
167240,1248,1248,1248,0,2,438,2005,2,5,1
156820,1142,1142,1142,0,2,440,2005,2,6,1
213490,1506,1362,1506,0,2,440,2005,2,6,1
264561,1567,1520,1567,0,3,648,2006,2,7,1
246578,1500,1356,1500,0,3,648,2006,2,6,1
192140,1838,732,734,1104,2,372,2005,2,7,1
183200,1509,783,807,702,2,393,2002,2,7,1
178000,1414,707,707,707,2,403,2004,2,6,1
201490,1598,848,848,750,2,433,2004,2,7,1
230500,1936,1406,1454,482,2,504,2000,2,7,1
180000,1509,783,807,702,2,393,2003,2,8,1
172400,1664,953,953,711,2,460,2000,2,7,1
215000,1889,982,1008,881,2,431,2000,2,9,1
199900,1886,930,956,930,2,431,1998,2,10,1
173000,1671,959,959,712,2,472,2000,2,7,1
287602,2322,1035,1082,1240,3,617,2006,3,8,1
230000,2291,975,1005,1286,2,429,1999,2,8,1
348000,2392,1396,1407,985,3,870,1997,2,7,1
286000,1976,1044,1079,897,3,885,1998,2,7,1
300000,2234,1160,1205,1029,3,768,2000,2,7,1
625000,3627,1930,1831,1796,3,807,1995,3,10,1
405000,2855,1540,1540,1315,3,774,2000,2,9,1
280000,1924,1086,1086,838,2,592,1998,2,7,1
258000,2263,1141,1165,1098,2,420,1998,2,10,1
350000,2726,1342,1358,1368,3,725,1995,2,9,1
584500,3500,1733,1933,1567,3,959,1993,3,11,1
321000,2494,1290,1305,1189,3,803,1994,2,9,1
290000,2526,1165,1203,1323,3,844,1994,2,8,1
315000,2799,1286,1565,1234,3,704,1993,2,8,1
252000,1964,1100,1116,848,2,760,2005,2,8,1
336820,1670,1670,1670,0,3,928,2006,2,6,1
423000,2097,2077,2097,0,3,1134,2005,1,8,1
290000,1660,1660,1660,0,2,500,2006,2,8,1
232000,1616,1616,1616,0,3,834,2005,2,7,1
199000,1504,1504,1504,0,2,510,2006,2,7,1
198600,1278,1278,1278,0,2,584,2006,2,5,1
405749,2640,2036,2036,604,3,792,2006,3,11,1
232600,1489,1489,1489,0,2,776,2006,2,7,1
266000,1939,1095,1095,844,3,1053,2006,2,8,1
186500,1553,756,756,797,2,615,2005,2,6,1
200825,1716,858,858,858,2,615,2005,2,7,1
197000,1576,770,778,798,2,614,2006,2,6,1
185000,1262,1262,1262,0,2,572,2006,2,5,1
176000,1266,1257,1266,0,2,453,2005,2,6,1
187750,1301,1293,1301,0,2,572,2006,2,5,1
139500,1142,1142,1142,0,0,0,2005,1,5,1
186800,1400,1400,1400,0,2,612,2005,2,6,1
132000,1131,1131,1131,0,0,0,2005,1,6,1
142500,1141,1141,1141,0,2,484,2005,1,6,1
158000,1158,1158,1158,0,2,576,2004,1,5,1
184000,1686,891,891,795,2,462,2005,2,8,1
184900,1585,784,831,754,2,449,2005,2,7,1
187000,1837,941,941,896,2,688,1997,2,7,1
175900,1603,761,810,793,2,484,1992,2,7,1
248500,1731,836,844,887,2,462,1992,2,7,1
172000,1398,1398,1398,0,2,542,1990,2,5,1
151000,1217,1217,1217,0,2,484,1991,2,5,1
150000,1320,636,636,684,2,472,1994,2,6,1
107000,1056,1056,1056,0,1,384,1966,1,5,1
119900,965,828,965,0,1,300,1965,1,6,1
129500,988,988,988,0,2,624,1962,1,6,1
125000,1728,1728,1728,0,2,504,1963,2,10,1
119500,1654,0,1286,368,2,528,1977,2,10,1
144000,1211,864,1211,0,2,576,1962,1,6,1
151000,1212,506,1212,0,2,492,1977,1,6,1
126000,984,984,984,0,1,310,1965,1,5,1
116000,909,882,909,0,1,294,1968,1,5,1
133500,925,925,925,0,2,484,1963,1,5,1
120875,1024,1024,1024,0,1,308,1965,1,5,1
137000,935,935,935,0,1,288,1965,1,5,1
124000,912,912,912,0,0,0,1964,1,6,0
135000,1236,912,1236,0,1,288,1961,1,6,1
129200,941,912,941,0,1,288,1967,1,6,1
260000,2646,1748,2151,495,2,550,1974,2,9,1
260000,2417,1288,1301,1116,2,462,1991,2,9,1
334000,2826,1334,1520,1306,3,888,1992,2,9,1
310000,2520,1338,1352,1168,3,796,1993,2,10,1
268000,2295,1095,1166,1129,2,590,1992,2,9,1
262000,1624,1624,1624,0,3,757,1994,2,5,1
176400,1143,1143,1143,0,2,588,2004,1,5,1
197000,1247,1247,1247,0,2,550,2005,1,4,1
151000,1200,600,520,600,2,480,2005,2,4,1
147400,1223,600,520,623,2,480,2005,2,4,1
149900,1223,600,520,623,2,480,2005,2,4,1
144152,1200,600,520,600,2,480,2005,2,4,1
166000,1524,756,768,756,2,440,2000,2,4,1
183900,1452,691,713,739,2,506,1999,2,6,1
165000,1382,673,673,709,2,490,2000,2,6,1
139000,1080,530,530,550,2,496,2003,2,4,1
200000,1694,569,854,840,1,434,1997,2,6,1
221000,1568,1568,1568,0,2,564,2001,2,6,1
270000,1494,1494,1494,0,2,481,1995,1,6,1
165000,1208,1208,1208,0,2,546,1977,1,6,1
214000,1235,1235,1235,0,2,484,1980,1,4,1
188000,1036,1036,1036,0,2,484,1980,1,4,1
190000,1226,1226,1226,0,2,484,1980,1,4,1
170000,1226,1226,1226,0,2,484,1978,1,4,1
385000,1842,1842,1842,0,3,894,1981,0,5,1
146500,1193,1153,1193,0,2,501,1972,2,6,1
170000,1920,570,1222,698,2,487,1968,3,8,1
262500,2156,1568,2156,0,2,508,1968,2,9,1
179900,1416,708,708,708,2,776,1968,2,7,1
250000,2654,1054,1512,1142,2,619,1968,2,9,1
165150,1790,732,1012,778,2,484,1972,1,8,1
164500,1334,1334,1334,0,2,477,1967,2,7,1
140000,1164,1164,1164,0,2,528,1969,1,6,1
135500,980,980,980,0,1,384,1967,2,6,1
142000,1051,1051,1051,0,2,504,1968,1,6,1
155000,1770,900,884,886,2,530,1968,1,7,1
157500,976,976,976,0,2,504,1968,1,4,1
138500,1052,1052,1052,0,1,288,1968,1,5,1
140000,898,833,898,0,1,326,1968,1,6,1
124400,1051,1051,1051,0,1,264,1966,1,6,1
158000,1141,1141,1141,0,1,568,1967,1,6,1
146000,1200,864,1200,0,2,884,1965,1,6,1
190000,1993,825,1097,896,2,495,1971,2,8,1
136500,1050,1050,1050,0,1,368,1961,1,6,1
129900,864,864,864,0,2,624,1958,1,5,1
145000,1712,1626,1712,0,2,588,1959,2,8,1
185900,1565,1187,1565,0,1,299,1965,2,7,1
160000,1251,1251,1251,0,1,461,1964,1,6,1
167000,1488,1008,1488,0,2,430,1964,1,7,1
157500,1440,720,720,720,2,480,1964,1,7,1
140000,1095,588,1095,0,1,264,1958,1,6,1
150000,1053,1008,1053,0,2,750,1958,1,6,1
151500,1248,1248,1248,0,1,286,1960,1,6,1
129800,816,816,816,0,1,240,1934,1,4,1
137000,1008,1008,1008,0,1,275,1954,1,4,1
137000,1043,938,1043,0,1,273,1947,1,5,1
121600,1230,747,774,456,1,305,1946,1,5,1
85500,869,440,869,0,0,0,1923,1,4,1
79900,747,600,747,0,2,528,1926,1,5,1
127000,1252,504,936,316,2,576,1908,1,5,1
161000,1433,1251,1433,0,2,441,1961,1,7,1
146500,1624,1444,1624,0,1,240,1952,1,6,1
135000,1216,1056,1216,0,1,280,1951,1,7,1
137900,2136,2136,2136,0,2,528,1951,2,7,0
133000,1578,806,958,620,1,240,1941,1,5,1
137000,1728,704,1024,704,1,234,1949,1,7,1
121000,936,936,936,0,1,240,1954,1,5,1
119000,1584,1584,1584,0,2,506,1967,2,8,1
172000,1246,1246,1246,0,2,441,1964,1,6,1
98600,1235,1235,1235,0,2,480,1961,1,6,1
226000,2157,924,1216,941,2,487,1966,2,8,1
118000,1128,936,1128,0,1,286,1954,1,5,1
235000,3112,1360,1360,1360,2,795,1918,2,8,1
135000,1008,1008,1008,0,2,430,1963,1,5,1
132500,1190,1106,1190,0,2,540,1962,1,6,1
143000,1144,1144,1144,0,1,796,1959,1,6,1
132000,1364,1179,1364,0,1,331,1957,1,6,1
145250,1383,1383,1383,0,1,292,1960,1,7,1
162000,1336,1121,1336,0,2,488,1958,1,7,1
148000,1370,1058,1370,0,1,300,1956,1,6,1
141000,1092,1092,1092,0,1,299,1957,1,6,1
153000,1124,1124,1124,0,1,353,1956,1,6,1
134450,1236,1070,1236,0,1,447,1957,1,6,1
135960,943,943,943,0,2,600,1979,1,4,1
156000,1050,1050,1050,0,1,286,1954,1,6,1
140000,1375,1367,1375,0,2,451,1954,1,5,1
139500,1008,1008,1008,0,1,280,1952,1,4,1
155000,1575,216,1575,0,2,400,1951,1,5,1
127000,1145,301,1145,0,2,684,1956,1,6,1
133500,1005,1005,1005,0,1,319,1956,1,6,1
125000,1056,1056,1056,0,1,300,1955,1,6,1
142000,884,884,884,0,1,270,1951,1,4,1
167000,2039,929,2039,0,3,791,1941,1,7,1
159000,1384,1015,1384,0,2,896,1956,1,6,1
180000,2640,2171,1392,1248,3,1008,1925,2,10,1
127000,1312,784,900,412,2,649,1947,1,6,1
112000,1310,617,865,445,1,398,1924,2,6,1
99800,713,713,713,0,1,371,1930,1,5,1
117000,833,833,833,0,1,326,1954,1,4,1
108480,1073,1073,1073,0,1,326,1921,1,4,1
68000,715,715,715,0,2,660,1929,1,4,0
86900,720,448,448,272,1,280,1900,1,5,1
120000,1130,1120,1130,0,2,720,1920,1,5,1
155500,1595,663,774,821,2,528,1915,2,7,1
80000,1760,1077,981,779,2,648,1910,1,7,1
105000,1214,672,694,520,3,936,1915,1,6,1
160000,2414,954,1766,648,2,520,1900,2,10,0
170000,1466,796,1096,370,2,566,1936,2,7,1
160000,1324,1088,1324,0,2,440,1965,2,6,1
159950,1086,1024,1086,0,2,484,1966,1,6,1
165000,1146,1083,1146,0,1,294,1963,1,6,1
159000,1734,912,1085,649,2,440,1962,1,7,1
147000,1207,1135,1207,0,1,264,1962,1,6,1
115000,912,912,912,0,1,288,1964,1,5,1
159500,1194,655,1194,0,2,539,1959,1,6,1
120000,864,864,864,0,1,288,1959,1,4,1
129900,816,816,816,0,1,308,1957,1,5,1
183000,1773,1313,1773,0,2,418,1961,2,6,1
157500,1472,0,1472,0,2,484,1959,2,5,1
277500,2448,1438,1900,548,2,441,1962,3,9,1
207500,1600,1484,1600,0,1,319,1957,1,6,1
147500,1521,910,910,611,1,597,1950,1,6,1
135000,1192,720,720,472,0,0,1949,1,6,0
109500,1040,0,1040,0,2,625,1950,1,5,1
109900,1040,0,1040,0,2,420,1950,1,4,1
133700,1040,1040,1040,0,1,286,1959,1,6,1
81400,1040,0,1040,0,2,400,1950,2,6,0
87500,1040,0,1040,0,2,400,1949,2,6,0
93500,1040,0,1040,0,2,400,1950,2,6,0
119000,1556,1556,1556,0,0,0,1960,2,8,1
141000,1150,1150,1150,0,1,300,1959,1,6,1
146000,1150,1150,1150,0,1,288,1961,1,6,1
155000,1348,660,660,688,2,453,1966,1,6,1
134500,999,925,999,0,1,300,1962,1,6,1
120000,1045,1045,1045,0,2,528,1962,1,6,1
105000,864,864,864,0,1,336,1962,1,5,1
124000,1025,1025,1025,0,0,0,1962,1,6,1
169000,2014,716,1007,1007,2,624,1900,2,8,1
107000,1328,686,810,518,1,210,1925,1,8,0
135000,1668,1212,1226,442,1,240,1948,1,6,1
111500,1657,1147,1147,510,1,162,1920,1,9,0
156500,1416,780,940,476,2,400,1900,1,7,1
178000,1641,728,832,809,2,546,1925,1,6,1
139900,1428,712,848,580,2,576,1900,1,7,1
105000,1004,502,502,502,1,200,1930,1,5,0
110000,813,813,813,0,1,270,1930,1,5,1
111500,1951,938,1084,867,2,576,1900,2,9,0
108000,1032,1032,1032,0,1,280,1924,1,5,0
111500,844,844,844,0,1,216,1925,1,5,1
124000,1750,636,1089,661,1,240,1880,1,8,1
105000,864,576,864,0,1,528,1950,1,5,1
116000,1118,648,734,384,2,440,1920,1,6,1
96900,1376,738,714,662,1,216,1905,1,7,1
135500,960,960,960,0,2,576,1955,1,5,1
139000,1566,816,816,750,2,450,1924,1,7,1
61500,492,492,492,0,1,200,1921,1,3,1
120000,1182,770,885,297,1,378,1945,1,5,1
126175,1163,1162,1163,0,1,220,1955,1,6,1
64000,840,798,840,0,1,250,1920,1,5,1
137000,1928,1020,908,1020,1,440,1910,2,9,0
87000,1774,1095,1095,679,3,779,1900,2,8,0
163000,1768,880,880,888,2,320,1914,1,6,0
155000,2104,1226,1226,878,2,432,1910,2,9,1
79000,1440,540,889,551,1,352,1900,1,6,0
144000,1690,815,815,875,1,225,1916,1,7,1
114504,1368,684,684,684,1,216,1910,1,7,0
157000,1762,596,998,764,2,576,1920,1,8,1
125000,1200,1200,1200,0,1,312,1923,1,7,1
475000,3608,1107,1518,1518,3,840,1892,2,12,1
93500,1248,624,624,624,0,0,1920,2,8,0
125000,960,960,960,0,2,624,1958,1,5,1
64500,1020,1020,1020,0,0,0,1918,1,5,0
100000,788,788,788,0,0,0,1941,1,4,1
140200,1577,972,972,605,1,312,1939,1,6,1
202500,1827,848,1017,810,1,240,1924,1,9,0
159000,1664,1004,1004,660,2,420,1947,2,7,1
119900,1118,793,793,325,2,410,1939,1,5,1
114500,1176,816,816,0,2,528,1934,1,6,1
115000,1344,896,896,448,1,240,1936,1,7,1
75000,1162,728,728,434,1,258,1930,1,6,1
88000,1015,768,1015,0,1,450,1925,1,6,0
80500,912,0,672,240,0,0,1947,1,3,0
149000,1576,1042,1042,534,1,225,1928,1,8,1
110000,1324,741,741,583,1,180,1930,1,7,1
110500,1103,1103,1103,0,2,440,1925,1,5,1
89000,616,616,616,0,1,205,1921,1,4,1
113000,1048,993,1048,0,1,280,1922,1,5,1
109000,816,816,816,0,1,210,1925,1,4,1
220000,2486,1595,1611,875,2,576,1962,2,8,1
129000,960,960,960,0,2,576,1970,1,6,0
117000,1635,485,1001,634,1,255,1910,1,5,1
52500,693,693,693,0,0,0,1941,1,4,0
107000,1430,596,834,596,2,370,1924,2,7,1
116500,1330,396,665,665,1,390,1910,1,7,1
72000,819,610,819,0,0,0,1919,1,4,0
119500,1376,780,780,596,1,198,1937,2,7,1
125500,1360,803,803,557,1,297,1938,1,6,1
91000,1077,1007,1077,0,1,210,1922,1,6,0
84500,754,520,520,0,0,0,1935,1,5,0
90000,984,984,984,0,1,308,1930,1,6,1
137500,1422,806,1081,341,1,288,1951,1,7,1
150000,1921,1921,1921,0,2,576,1964,2,8,1
131000,1640,0,1640,0,2,394,1950,1,7,1
130000,1352,1062,1352,0,1,288,1958,1,6,1
125000,1032,0,1032,0,1,260,1935,1,6,0
80000,879,830,879,0,1,180,1936,1,4,1
157000,1073,1073,1073,0,1,246,2004,2,4,1
148000,1382,1051,1382,0,2,459,1963,1,6,1
90000,1296,0,1296,0,2,516,1967,2,6,1
154500,1068,1059,1068,0,1,264,1963,1,6,1
153600,1064,1064,1064,0,2,528,1967,1,6,1
164500,1320,1164,1320,0,2,564,1966,1,6,1
132000,934,912,934,0,1,336,1964,1,4,1
142500,1059,1059,1059,0,1,286,1966,1,6,1
158000,1159,1051,1159,0,1,336,1968,1,7,1
149500,1400,672,672,728,2,440,1978,1,6,1
165000,1458,1176,1458,0,2,512,1967,1,7,1
180000,1721,1461,1721,0,2,440,1968,2,7,1
160500,1040,960,1040,0,2,616,1978,1,6,1
156500,1967,1967,1967,0,2,580,1977,2,10,1
157000,1949,1949,1949,0,2,586,1977,2,10,1
172500,1920,1052,1252,668,2,451,1958,2,8,1
155000,1803,1134,1803,0,2,484,1957,2,8,1
170000,1779,1763,1779,0,2,454,1955,1,6,1
105000,872,872,872,0,1,322,1924,1,5,0
145000,960,648,960,0,1,364,1965,0,3,1
168000,1437,1188,1437,0,2,576,1956,1,6,1
278000,1830,1865,1830,0,2,521,1967,1,6,1
164000,1000,1000,1000,0,2,575,1963,1,4,1
225000,2287,1304,1304,983,2,667,1953,2,7,1
130000,810,782,810,0,2,576,1971,1,4,1
142500,894,864,894,0,2,440,1974,1,5,1
148400,1700,430,880,680,1,450,1980,2,7,1
190000,1453,1453,1453,0,2,445,1986,1,6,1
146000,1350,967,1350,0,2,504,1954,1,6,1
128000,1150,799,799,351,1,215,1942,1,6,0
225000,2008,896,1112,896,1,230,1948,3,8,1
274970,2201,697,1575,626,2,432,1966,2,8,1
235000,2009,672,1337,672,3,795,1928,2,8,1
415000,3672,1836,1836,1836,2,836,1935,3,7,1
182000,1560,1776,1560,0,2,528,1962,2,6,1
135000,1488,0,1488,0,2,569,1952,1,7,1
137000,1057,1057,1057,0,1,288,1955,1,6,1
136900,1855,994,1216,639,1,325,1954,2,7,1
149900,1609,1000,1068,541,1,305,1953,1,7,1
123500,1148,980,1148,0,1,308,1952,1,6,1
93000,1124,0,1124,0,0,0,1954,1,5,1
91500,1456,810,1002,454,1,280,1948,1,7,1
180000,1298,1298,1298,0,2,403,1985,2,5,1
209000,2559,868,1313,1246,2,506,1989,2,9,1
215000,1911,777,1065,846,2,471,1993,2,8,1
224500,1440,1344,1440,0,4,920,1993,2,8,1
229800,1876,1308,1308,568,3,848,2005,2,7,1
183600,1208,1208,1208,0,2,632,2005,2,6,1
194000,1220,1199,1220,0,2,632,2006,2,6,1
193879,1294,1286,1294,0,2,662,2006,2,6,1
221500,1614,1614,1614,0,3,865,2005,2,7,1
204900,1498,1498,1498,0,2,675,2006,2,5,1
239799,1962,1391,1391,571,3,868,2006,2,7,1
233555,1846,1836,1846,0,2,495,2006,2,7,1
260000,1734,1734,1734,0,2,660,2005,2,7,1
294900,1590,1570,1590,0,3,754,2005,2,6,1
209700,1809,945,945,864,2,638,2005,2,8,1
225000,1614,1614,1614,0,2,576,2005,2,7,1
181000,1596,784,784,812,2,610,2005,2,6,1
220000,1915,908,927,988,2,506,1992,2,8,1
190000,1582,1624,1582,0,2,390,1964,2,7,1
180000,988,938,988,0,2,540,1969,1,4,1
280000,1533,1533,1533,0,2,576,1975,2,5,1
158900,1388,1388,1388,0,2,522,1968,2,6,1
148000,914,870,914,0,2,576,1996,1,5,1
145000,1100,1100,1100,0,2,462,1996,1,5,1
187000,1499,781,795,704,2,473,1995,2,6,1
193000,1425,1425,1425,0,2,591,1998,2,5,1
156000,990,990,990,0,2,576,1995,1,5,1
235000,1525,1525,1525,0,2,541,2000,2,6,1
217000,1494,1479,1494,0,2,576,1997,2,6,1
214000,1588,1588,1588,0,2,472,1999,2,6,1
196000,1749,842,856,893,2,515,1999,2,7,1
217000,1779,951,951,828,2,586,1999,2,7,1
200000,1861,916,920,941,2,492,2002,2,8,1
192500,1776,936,936,840,2,474,2002,2,7,1
205000,1541,1541,1541,0,3,843,2001,2,6,1
132500,954,911,954,0,2,576,1976,1,6,1
157500,1388,675,686,702,1,317,1977,1,6,1
174000,1282,995,1282,0,3,672,1978,2,6,1
128500,971,971,971,0,1,300,1969,1,5,1
128500,864,864,864,0,1,288,1972,1,5,1
149900,894,894,894,0,2,552,1972,1,5,1
119900,864,864,864,0,1,297,1972,1,5,1
137000,1320,630,630,690,2,484,1993,2,5,1
255000,1989,1065,1091,898,2,586,2002,2,7,1
222000,1762,826,878,884,2,591,2002,2,6,1
214000,1755,840,840,915,2,530,1999,2,7,1
220000,1358,1348,1358,0,2,418,2002,1,5,1
275000,1787,1753,1787,0,3,748,2001,2,7,1
197000,1909,872,872,1037,2,529,2002,2,8,1
230000,1654,1654,1654,0,3,900,2002,2,6,1
268500,2214,1090,1090,1124,3,646,1999,2,8,1
210900,2049,1065,1065,984,2,467,1996,2,9,1
227000,1939,1054,1070,869,3,555,1998,2,8,1
237000,1995,930,950,1045,2,610,1995,2,8,1
274300,2097,1108,1108,989,2,583,1998,2,8,1
216837,1836,1860,1836,0,2,484,2004,2,8,1
133000,848,848,848,0,2,420,2003,1,4,1
155900,848,848,848,0,2,420,2004,1,3,1
233230,1919,1079,1079,840,2,685,2006,2,8,1
207000,1390,1390,1390,0,2,545,2003,2,7,1
195000,1948,847,847,1101,2,434,2004,2,8,1
200000,1700,1682,1700,0,2,544,2003,2,7,1
203160,1737,851,851,886,2,578,2006,2,7,1
195800,1611,784,784,827,2,572,2005,2,6,1
212900,1552,1552,1552,0,3,782,2005,2,7,1
196500,1720,860,860,860,2,565,2004,2,7,1
198000,1336,1336,1336,0,2,502,2005,2,6,1
173900,1500,750,750,750,2,564,2005,2,6,1
163990,1456,728,728,728,2,390,2005,2,8,1
164990,1310,1310,1310,0,2,400,2005,2,6,1
98000,1436,676,760,676,2,528,1910,2,6,1
149900,1466,1466,1466,0,2,528,1959,1,6,1
102000,1220,836,1220,0,2,396,1951,1,6,1
127500,1012,976,1012,0,0,0,1975,2,4,1
127500,980,945,980,0,0,0,1975,2,4,1
119900,1176,1176,1176,0,1,360,1969,1,5,1
196500,1724,796,806,918,2,616,2003,2,8,1
117250,914,914,914,0,0,0,2002,1,4,1
229000,2314,1150,1164,1150,2,502,2003,2,9,1
145000,1072,547,1072,0,2,525,2005,1,5,1
140000,1072,547,1072,0,2,525,2005,2,5,1
142500,1072,547,1072,0,2,525,2005,1,5,1
134000,1709,970,970,739,2,380,2004,2,7,1
130000,1709,970,970,739,2,380,2004,2,7,1
130000,1709,970,970,739,2,380,2004,2,7,1
137500,1709,970,970,739,2,380,2004,2,7,1
130000,1708,976,976,732,2,380,2004,2,7,1
97900,936,624,624,312,1,265,1948,1,5,1
92000,1338,832,846,492,2,528,1915,2,7,1
107000,1669,1093,1093,576,1,288,1924,1,9,0
81000,1184,658,658,526,0,0,1910,1,8,1
104900,1221,784,949,272,1,392,1924,1,7,1
115000,864,864,864,0,2,572,1955,1,5,1
125000,1482,954,1482,0,2,609,1954,2,6,1
116000,1250,686,686,564,1,280,1918,1,7,1
83000,1414,864,964,0,0,0,1922,1,8,0
118500,2230,795,954,795,1,440,1912,1,10,0
35000,498,498,498,0,1,216,1922,1,3,0
121000,1273,616,1055,218,1,275,1910,1,5,0
160000,1928,686,948,980,0,0,1916,2,10,1
140000,1595,940,1192,403,1,240,1940,1,6,1
137000,1551,1058,1058,493,1,240,1938,2,6,1
128000,1340,780,816,524,1,440,1945,1,6,0
160000,1479,624,743,736,1,312,1926,1,6,1
138887,1784,747,892,892,1,180,1914,1,9,1
149000,1510,755,755,755,1,216,1920,1,6,1
102000,1522,1008,1008,0,0,0,1926,2,7,1
167000,1636,818,818,818,1,288,1919,1,7,1
200100,1802,793,901,901,1,216,1920,1,9,1
131000,1465,992,992,473,1,240,1939,2,6,1
112000,1288,824,824,464,1,240,1941,1,6,0
140000,1717,756,961,756,3,642,1915,1,7,1
195000,1550,817,940,610,1,318,1920,1,7,1
230000,1517,792,792,725,2,400,1929,1,7,1
194000,1717,901,1125,592,1,410,1940,1,7,1
137500,1180,700,1180,0,1,252,1922,1,5,1
250000,2057,1017,1020,1037,1,180,1936,1,6,1
218000,1671,1022,1122,549,2,451,1929,2,7,1
239000,2345,952,1170,1175,2,360,1932,2,9,1
199500,1609,637,959,650,3,579,1932,1,8,1
210000,1801,697,1104,697,2,365,1930,1,8,1
230000,1811,1073,1811,0,2,470,1956,1,6,1
217500,1647,1430,1647,0,2,621,1977,2,7,1
257000,2315,1168,1278,1037,1,342,1950,2,9,1
157000,1336,1165,1336,0,1,375,1953,1,5,1
223000,1844,1844,1844,0,2,540,1969,2,7,1
102000,976,976,976,0,1,215,1942,1,5,0
145400,1285,861,861,424,2,506,1926,1,6,1
72000,672,432,672,0,0,0,1925,1,4,0
85000,641,641,641,0,1,272,1925,1,4,1
106500,951,951,951,0,1,327,1936,1,6,0
139000,1638,967,967,671,1,384,1957,2,6,1
108000,1336,637,897,439,1,570,1920,1,7,1
51689,729,0,729,0,0,0,1945,1,5,0
35311,480,480,480,0,1,308,1949,0,4,0
115000,1396,660,1060,336,0,0,1951,2,8,0
78000,936,216,576,360,0,0,1916,1,6,0
375000,1778,1573,1778,0,2,495,2005,2,5,1
300000,1646,1594,1646,0,2,525,2004,2,5,1
242500,1625,1625,1625,0,2,576,1979,2,6,1
145000,1664,1664,1664,0,2,616,1978,2,10,1
209000,1491,1491,1491,0,2,490,2001,2,7,1
135000,1004,975,1004,0,2,504,1977,1,4,1
148000,1210,1128,1210,0,2,528,1975,2,6,1
171000,1959,1907,1959,0,3,766,1988,3,9,1
335000,2519,1210,1238,1281,2,628,1989,2,9,1
230000,1295,0,1295,0,1,312,1986,2,5,1
250764,1650,1632,1650,0,2,518,1958,1,6,1
228000,1707,1686,1707,0,2,511,1981,2,6,1
176000,1137,1112,1137,0,2,551,1987,2,5,1
180000,1339,1309,1339,0,2,484,1990,2,6,1
250000,2514,1216,1298,1216,2,693,1990,2,8,1
202000,1403,1381,1403,0,2,470,2000,2,5,1
312500,1800,1800,1800,0,3,765,2002,2,7,1
320000,1960,1728,1960,0,3,714,2005,2,8,1
369900,2028,1868,2028,0,3,880,2005,2,7,1
359900,1838,1838,1838,0,3,682,2005,2,9,1
81500,1600,0,1600,0,1,270,1951,1,6,1
215000,1368,1288,1368,0,4,784,1997,2,8,1
164000,1216,1216,1216,0,2,402,1998,2,5,1
153500,1337,1237,1337,0,2,405,1998,2,5,1
84500,1140,1140,1140,0,0,0,2006,1,6,1
104500,1304,264,616,688,1,336,1977,1,5,1
127000,1475,757,925,550,1,336,1977,2,6,1
151400,2521,942,1291,1230,2,576,1973,2,10,1
126500,874,864,874,0,1,288,1968,1,5,1
146500,1652,1652,1652,0,3,928,1970,2,8,1
73000,630,630,630,0,0,0,1970,1,3,1
79400,1092,546,546,546,1,253,1972,1,5,1
140000,1360,1104,1360,0,1,336,1969,1,8,1
92000,630,630,630,0,0,0,1970,1,3,1
87550,1092,546,546,546,1,286,1970,1,5,1
79500,1092,546,546,546,0,0,1970,1,5,1
90500,1092,546,546,546,0,0,1970,1,5,1
71000,1092,546,546,546,1,286,1970,1,6,1
150900,1728,1728,1728,0,2,574,1976,2,8,1
188000,1728,1728,1728,0,2,560,1976,2,8,1
160000,1126,1126,1126,0,2,484,1977,2,5,1
131000,1224,1224,1224,0,2,576,1960,1,7,1
142500,1003,1003,1003,0,2,588,1984,1,6,1
131000,902,864,902,0,2,484,1983,1,5,1
132000,970,912,970,0,0,0,1992,1,6,1
170000,1389,1389,1389,0,2,418,1974,1,6,1
188000,2000,996,996,1004,3,650,1993,2,9,1
